La Hechizera,Te03556498,4465492876,924 North Collins Street Arlington,Texas,1400,100,0.08
Harrah's,Lo80562175,3060877962,New Orleans,Louisiana,1100,2400,0.05
Voodoo Two,Lo47399059,2596391406,330 Carondelet Street New Orleans,Louisiana,1200,200,0.05
Stratford Club,Lo82914799,6221062595,818 Gravier Street New Orleans,Louisiana,1400,100,0.05
346 Blu,Lo83533417,5383826237,346 Baronne Street New Orleans,Louisiana,1100,300,0.05
Luke,Lo03397756,2443200486,333 Saint Charles Avenue New Orleans,Louisiana,1100,200,0.05
Victory,Lo47034574,7008771338,339 Baronne Street New Orleans,Louisiana,1300,300,0.05
Crystal Room,Lo37993097,3202746389,833 Poydras Street New Orleans,Louisiana,1100,2300,0.05
P & G Restaurant,Lo02753575,8566554482,345 Baronne Street New Orleans,Louisiana,1400,100,0.05
Public Service,Lo41849142,1284951733,311 Baronne Street New Orleans,Louisiana,1100,300,0.05
Bienville Club,Lo69358639,6538285823,666 Gravier Street New Orleans,Louisiana,1300,2400,0.05
Catahoula Hotel,Lo73017587,7606063391,914 Union Street New Orleans,Louisiana,1400,2400,0.05
Piscobar,Lo80097440,8036824981,914 Union Street New Orleans,Louisiana,1100,2400,0.05
W XYZ Lounge,Lo83957270,8306928777,225 Baronne Street New Orleans,Louisiana,1300,2400,0.05
Pete's,Lo58434890,8716200532,444 Saint Charles Avenue New Orleans,Louisiana,1200,2300,0.05
Poydras & Peters,Lo88586668,7577772143,300 Poydras Street New Orleans,Louisiana,1100,2300,0.05
Hobnobber's Variety Bar & Restaurant,Lo23352349,8703397027,139 Carondelet Street New Orleans,Louisiana,1400,2400,0.05
Mike Serio's Po-Boys & Deli,Lo09983795,7438116260,133 Saint Charles Avenue New Orleans,Louisiana,1400,2300,0.05
Cafe At The Square,Lo50341292,3850880309,500 Saint Charles Avenue New Orleans,Louisiana,1400,100,0.05
Loa Bar,Lo89945554,8446490143,221 Camp Street New Orleans,Louisiana,1100,2400,0.05
Daisy Dukes Express,Lo79659384,5893540076,123 Carondelet Street New Orleans,Louisiana,1100,200,0.05
Party Up Entertainment,Ca29198122,8496312365,Bakersfield,California,1400,200,0.07
The Azz Lounge Live Jazz Music,Ca16171675,0694612106,1488 17th Place Bakersfield,California,1300,100,0.07
The Library,Ca71797727,2295677771,1718 Chester Avenue Bakersfield,California,1400,100,0.07
Jazz Lounge,Ca85413690,6531344183,1718 Chester Avenue Bakersfield,California,1000,100,0.07
Cool Quencher U.S.A.,Ca77131585,1676650973,1421 17th Place Bakersfield,California,1100,200,0.07
Crash Lounge,Ca11734755,5464618772,1810 Eye Street Bakersfield,California,1400,200,0.07
Drunken Monkey,Ca91172057,7422310165,1419 Wall Street Bakersfield,California,1200,2300,0.07
Guthrie's Alley Cat,Ca73952394,8798920075,1525 Wall Street Bakersfield,California,1200,300,0.07
Jerry's Pizza & Pub,Ca61267348,8573692066,1817 Chester Avenue Bakersfield,California,1100,2300,0.07
Muertos Kitchen & Lounge,Ca37169685,6654711152,1514 Wall Street Bakersfield,California,1300,2300,0.07
Wall Alley,Ca39409321,1803962879,1527 19th Street #218 Bakersfield,California,1000,300,0.07
Prospect Lounge,Ca97839707,0569308243,1702 18th Street Bakersfield,California,1400,300,0.07
Tlo Wines Tasting Room,Ca09714713,6105563082,1212 18th Street Bakersfield,California,1100,200,0.07
Tiki-Ko,Ca43187742,9484987146,1919 K Street Bakersfield,California,1400,300,0.07
Sandrini's Public House,Ca01848073,1220409210,1918 Eye Street Bakersfield,California,1000,200,0.07
The Mint,Ca12689072,8306564467,1207 19th Street Bakersfield,California,1300,100,0.07
Casablanca Nightclub,Ca51430589,4919548939,1825 N Street Bakersfield,California,1000,300,0.07
The Avenue Downtown,Ca96692670,4082207310,2022 Chester Avenue Bakersfield,California,1400,100,0.07
The Conservative Cigar,Ca34957491,6630659863,1030 19th Street Bakersfield,California,1200,300,0.07
Downtown Red Zone,Ca77537241,8184498318,900 Truxtun Avenue Bakersfield,California,1300,2400,0.07
Bizou Brasserie,Fl66826871,7768862680,601 North Florida Avenue Tampa,Florida,1300,200,0.06
The Hub Bar,Fl72735157,5800353021,719 North Franklin Street Tampa,Florida,1400,300,0.06
Jamaican Tropicale by Jerk Hut,Fl33592200,9074583316,513 North Franklin Street Tampa,Florida,1100,2300,0.06
Sapphire Room,Fl21559087,0055098863,905 North Florida Avenue Tampa,Florida,1200,100,0.06
Indigo Coffee House + Social Bar,Fl79276505,1581404737,514 North Franklin Street #102 Tampa,Florida,1200,2400,0.06
The Anchor Bar,Fl07994536,6689783656,514 North Franklin Street Tampa,Florida,1000,100,0.06
1895 Kitchen - Bar - Market,Fl11530483,0711519376,510 North Franklin Street Tampa,Florida,1000,300,0.06
Spain Restaurant and Toma Bar,Fl40845874,2466616035,513 North Tampa Street Tampa,Florida,1300,2300,0.06
The Local Draught House,Fl87951023,5108465379,813 North Tampa Street Tampa,Florida,1100,100,0.06
Franklin Manor,Fl82985626,5234704386,912 North Franklin Street Tampa,Florida,1400,100,0.06
Anise Global Gastrobar,Fl52133115,4571709495,777 North Ashley Drive Tampa,Florida,1100,100,0.06
Taps Restaurant Bar & Lounge,Fl77154805,6186467751,777 North Ashley Drive Tampa,Florida,1100,300,0.06
Pokeys,Fl26352212,2529826714,100 East Madison Street Tampa,Florida,1000,2300,0.06
Yeoman's Cask and Lion,Fl32336565,0976729736,202 North Morgan Street Tampa,Florida,1000,200,0.06
University Club Of Tampa,Fl84137504,1157223303,201 North Franklin Street Suite 3800 Tampa,Florida,1200,2400,0.06
Hillsborough County Bar Associates,Fl11942963,3087423084,101 East Kennedy Boulevard Tampa,Florida,1100,2400,0.06
Fly Bar & Restaurant,Fl74251668,4937446441,1202 North Franklin Street Tampa,Florida,1100,100,0.06
211 Lounge,Fl39078274,3453824469,211 North Tampa Street Tampa,Florida,1100,2300,0.06
The Pint and Brew Downtown,Fl05457097,9025703152,200 North Tampa Street Tampa,Florida,1200,2300,0.06
Hotel Bar,Fl52879618,9849257170,200 North Tampa Street Tampa,Florida,1000,2300,0.06
Square Barrels,Ha86712279,7107393416,1001 Bishop Street #108 Honolulu,Hawaii,1200,300,0.06
Art's Hideaway,Ha00614405,0610618591,1110 Bishop Street Honolulu,Hawaii,1400,300,0.06
Hukilau Honolulu,Ha39049533,9590773310,1088 Bishop Street LL13 Honolulu,Hawaii,1200,2400,0.06
The Tiki at Scarlet,Ha67057859,6336114265,1138 Fort Street Mall Honolulu,Hawaii,1000,300,0.06
Fort Street Cafe,Ha40831549,0971351550,1152 Fort Street Mall Honolulu,Hawaii,1400,200,0.06
Scarlet Honolulu,Ha93729436,0439249258,80 South Pauahi Street Honolulu,Hawaii,1200,2400,0.06
Proof Public House,Ha17300257,8764790711,1154 Fort Street Mall # 10 Honolulu,Hawaii,1300,300,0.06
Honolulu Cafe,Ha39230029,4892356416,741 Bishop Street Honolulu,Hawaii,1000,300,0.06
Bethel Union,Ha30520556,7371163314,1115 Bethel Street Honolulu,Hawaii,1100,100,0.06
Bar Elixrs,Ha23655596,9128008859,1153 Bethel Street Honolulu,Hawaii,1000,2300,0.06
J.J. Dolans,Ha98987113,1375177661,1147 Bethel Street Honolulu,Hawaii,1200,2400,0.06
Ferguson's Irish Pub,Ha50819418,6600442251,Dillingham Transportation Building 729 Bishop Street Honolulu,Hawaii,1400,200,0.06
T J's Sports Bar & Grill,Ha38873710,2447831548,600 Kapiolani Boulevard Honolulu,Hawaii,1000,200,0.06
Bar Leather Apron,Ha95990365,7555393363,745 Fort Street #127A Honolulu,Hawaii,1000,2300,0.06
The Venue,Ha14355716,0073413812,1144 Bethel Street Honolulu,Hawaii,1200,100,0.06
SIN Lounge,Ha05906321,6323261979,1111 Nuuanu Avenue Honolulu,Hawaii,1200,100,0.06
PAI Honolulu,Ha59254305,7188632949,55 Merchant Street Suite 110 Honolulu,Hawaii,1300,100,0.06
Encore Saloon,Ha08240755,5182553911,10 North Hotel Street Honolulu,Hawaii,1300,100,0.06
Hanks Cafe Honolulu,Ha05536818,5653693613,1038 Nuuanu Avenue Honolulu,Hawaii,1100,200,0.06
The Dragon Upstairs,Ha40950758,1147524513,1038 Nuuanu Avenue Honolulu,Hawaii,1100,2300,0.06
The Clip Joint,Co76341113,2682504858,700 Billings Street K Aurora,Colorado,1000,100,0.05
Tin Cup Bar & Grill - Aurora Hills,Co18454867,8019366735,50 S Peoria St Aurora,Colorado,1100,2300,0.05
Zephyr Lounge,Co92943041,3599873238,11940 East Colfax Avenue Aurora,Colorado,1100,300,0.05
Foco Rojo,Co24675063,0183490926,15007 East Colfax Avenue Aurora,Colorado,1000,200,0.05
El Metapan Bar,Co75365237,6665948433,11797 11759 East Colfax Avenue Aurora,Colorado,1000,2400,0.05
Chili's Grill & Bar,Co12819255,2735410663,265 South Abilene Street Aurora,Colorado,1100,100,0.05
Ursula Brewery,Co70866000,9000880677,2101 North Ursula Street Aurora,Colorado,1400,200,0.05
BJ's Restaurant & Brewhouse,Co28802579,7271121711,14442 East Cedar Avenue Aurora,Colorado,1200,300,0.05
Cedar Creek Pub,Co44836586,3871936119,2100 North Ursula Street Aurora,Colorado,1300,2300,0.05
Scooters Sports Bar & Grill,Co55461401,2143609360,13698 East Alameda Avenue Aurora,Colorado,1400,100,0.05
TGI Fridays,Co99511688,1749941298,14150 East Alameda Parkway Aurora,Colorado,1100,200,0.05
Jalapeño Deluxe Restaurante,Co38025219,6375993609,15490 East Colfax Avenue Aurora,Colorado,1300,200,0.05
Just Bill's,Co73515650,1666760893,15355 East Colfax Avenue # E3 Aurora,Colorado,1300,2400,0.05
Helga's German Restaurant & Deli,Co98901844,6145386597,14197 East Exposition Avenue Aurora,Colorado,1000,100,0.05
Cazadores Bar & Nightclub,Co60553359,5572651999,1470 Jamaica Street Aurora,Colorado,1300,2400,0.05
Tierra Maya Sports Bar & Grill,Co63458243,1611873233,455 Havana Street Aurora,Colorado,1400,100,0.05
Red Lobster,Co84846266,2055480587,10854 East Alameda Avenue Aurora,Colorado,1100,2400,0.05
Jy liquor Drive thru store,Co53966709,7472648615,10201 East Colfax Avenue Aurora,Colorado,1000,2400,0.05
Fat Boy's Bar & Grill,Co54516168,1955884198,10660 East Alameda Avenue Aurora,Colorado,1200,100,0.05
Mile High Pizza & Grill,Co51564866,0613676108,3464 3464 1010 South Peoria Street Aurora,Colorado,1000,300,0.05
Bizen Beer Bar,Ca96424985,0257090127,155 West Center Street Promenade Anaheim,California,1000,100,0.07
Promenade Pub,Ca14605598,7136706371,215 South Anaheim Boulevard Anaheim,California,1000,300,0.07
Decades Bar and Grill,Ca90312373,9594149984,195 West Center Street Promenade Anaheim,California,1000,100,0.07
Colony Wine Merchant,Ca57468297,9023284099,280 South Lemon Street Anaheim,California,1200,100,0.07
Strong Water Anaheim,Ca73556053,8012070136,270 South Clementine Street Anaheim,California,1400,300,0.07
Umami Burger Anaheim,Ca00191025,3853276097,338 South Anaheim Boulevard Anaheim,California,1300,300,0.07
Bxcr wine bar,Ca93910268,9289102272,440 South Anaheim Boulevard Anaheim,California,1100,100,0.07
The Blind Rabbit,Ca59705843,2268613132,440 South Anaheim Boulevard #104 Anaheim,California,1400,2300,0.07
Hammer Workshop & Bar,Ca78142304,5937772608,440 South Anaheim Boulevard Anaheim,California,1300,2400,0.07
The Blind Rabbit,Ca79565279,1468137535,440 South Anaheim Boulevard Anaheim,California,1200,300,0.07
URBANA Mexican Gastronomy & Mixology,Ca32369261,5197764325,440 South Anaheim Boulevard Anaheim,California,1400,100,0.07
Pali Wine Co.,Ca63401440,2567131751,500 South Anaheim Boulevard unit c Anaheim,California,1000,100,0.07
MAKE,Ca69866963,8542029977,500 South Anaheim Boulevard Anaheim,California,1000,100,0.07
Unsung Brewing Company,Ca74857292,3767808440,500 South Anaheim Boulevard Anaheim,California,1200,2400,0.07
La Taverna Nite Club,Ca86179724,3018941166,727 North Anaheim Boulevard Anaheim,California,1200,100,0.07
The Juke Joint,Ca82132834,4563101201,735 North Anaheim Boulevard Anaheim,California,1000,2300,0.07
Las Casitas Bar En Los Angeles,Ca40458700,2318754972,Lincoln Avenue Anaheim,California,1100,2400,0.07
Master Granite & Marble,Ca59088576,3728679028,863 South Rose Place Anaheim,California,1400,200,0.07
El Farolito Jr,Ca84572408,2040079919,1143 1339 North East Street Anaheim,California,1300,2400,0.07
AMF Carter Lanes,Ca50984828,9040876232,1501 South Lemon Street Fullerton,California,1100,300,0.07
Daniel Marshall Inc,Ca71350090,9605346654,Santa Ana,California,1200,2300,0.07
Lola Gaspar,Ca47213573,1626634563,211 West 2nd Street Santa Ana,California,1400,200,0.07
Santa Ana Elks Lodge 794,Ca12394303,1826345427,207 West 2nd Street Santa Ana,California,1300,100,0.07
ARTbar,Ca13925395,8113000213,207 North Broadway Santa Ana,California,1000,2300,0.07
Mix Mix Kitchen Bar,Ca48367170,3989236641,300 North Main Street Santa Ana,California,1100,2300,0.07
Congregation Ale House Santa Ana Chapter,Ca22048851,3807501552,201 North Broadway Santa Ana,California,1200,2300,0.07
Mission Bar,Ca13324736,3894786729,302 North Main Street Santa Ana,California,1400,300,0.07
Proof,Ca25575269,3669999411,215 North Broadway Santa Ana,California,1300,2300,0.07
Chapter One: the modern local,Ca17292052,3976510579,227 North Broadway Santa Ana,California,1300,100,0.07
The Copper Door,Ca59858204,1201792739,225 North Broadway Santa Ana,California,1300,2300,0.07
Bar Ellipsis,Ca50082782,4683368826,220 East 3rd Street Santa Ana,California,1400,200,0.07
Festival Hall,Ca29735820,3354719034,220 East 3rd Street Santa Ana,California,1400,2400,0.07
Vacation,Ca36769969,1608659127,204 West 4th Street Santa Ana,California,1400,200,0.07
El Mercado Modern Cuisine,Ca16239797,4121450359,301 North Spurgeon Street Santa Ana,California,1000,2300,0.07
El Indio Botanas y Cerveza,Ca93686340,4283196217,309 West 3rd Street Santa Ana,California,1400,200,0.07
Kaizen Shabu,Ca36264722,4576657210,303 North Spurgeon Street Santa Ana,California,1000,200,0.07
Playground,Ca17259994,9550287918,220 East 4th Street #102 Santa Ana,California,1100,200,0.07
Recess,Ca09555321,1008732428,201 East 4th Street Santa Ana,California,1300,2400,0.07
Hector's On Broadway,Ca93518794,7345612415,409 North Broadway Santa Ana,California,1400,100,0.07
The Barrel Room,Ca81039903,5546952992,324 West 4th Street Santa Ana,California,1000,300,0.07
Redwood bar & grill,Mi60210355,0087344598,City Hall 1200 Market Street St. Louis,Missouri,1200,2300,0.04
Maurizio's Pizza & Sports Bar,Mi01741887,2587808727,220 South Tucker Boulevard St. Louis,Missouri,1300,300,0.04
The Note Bar,Mi79410924,8836384164,200 North 13th Street St. Louis,Missouri,1400,2400,0.04
Envy at the Park,Mi85791393,8785579544,1025 Spruce Street St. Louis,Missouri,1100,100,0.04
Tin Roof,Mi82252378,2149210474,1000 Clark Avenue St. Louis,Missouri,1300,300,0.04
The Crack Fox,Mi07946060,0448156870,1114 Olive Street St. Louis,Missouri,1000,300,0.04
Wheelhouse Downtown,Mi75405500,5096716398,1000 Spruce Street St. Louis,Missouri,1300,2400,0.04
Start Bar,Mi14974551,0715102189,1000 Spruce Street St. Louis,Missouri,1300,300,0.04
The Thaxton,Mi17528558,2095681932,2001 1009 Olive Street St. Louis,Missouri,1000,200,0.04
Jack Patrick's Bar & Grill,Mi30024653,0805309979,1000 Olive Street St. Louis,Missouri,1100,200,0.04
Thaxton Speakeasy,Mi54601764,8279610648,1009 Olive Street St. Louis,Missouri,1200,2400,0.04
Tiny Bar,Mi39689888,8323308865,1008 Locust Street St. Louis,Missouri,1200,200,0.04
Bridge Tap House & Wine Bar,Mi04380420,3049216867,1004 Locust Street St. Louis,Missouri,1000,200,0.04
The Boom Boom Room,Mi71427894,1205747610,500 North 14th Street St. Louis,Missouri,1300,100,0.04
Lucas Park Grille,Mi24435799,2342255619,1234 Washington Avenue St. Louis,Missouri,1400,100,0.04
Hair of the Dog,Mi89797722,4706764595,1212 Washington Avenue St. Louis,Missouri,1000,2300,0.04
Flannery's Irish Pub,Mi27183266,9886788582,1324 Washington Avenue St. Louis,Missouri,1400,100,0.04
Copia Wine Bar,Mi12640776,7852576825,1122 Washington Avenue St. Louis,Missouri,1300,300,0.04
Blood & Sand,Mi56009240,4641847593,1500 Saint Charles Street St. Louis,Missouri,1400,100,0.04
The Charles P Stanley Cigar Company and Lounge,Mi26683937,6721312657,1000 Washington Avenue St. Louis,Missouri,1300,200,0.04
Sire Restaurant,Ca84971053,6863921716,6440 Magnolia Avenue Riverside,California,1100,2400,0.07
Islands Restaurant Riverside,Ca91960622,0507617578,3645 Central Avenue Riverside,California,1300,2300,0.07
VIP Nightclub & Restaurant,Ca51133985,6839376855,3673 Merrill Avenue Riverside,California,1400,300,0.07
LA PIZZERIA,Ca57081943,2802993521,3540 Riverside Plaza Drive Riverside,California,1200,300,0.07
Unique Mobile Djs & Karaoke,Ca68411005,0722461161,Riverside,California,1300,300,0.07
Nutrition Bar New Lifestyle,Ca02555076,7944649291,4065 Saint Paul Place Riverside,California,1300,2300,0.07
W. Wolfskill,Ca40772111,9285366243,4281 Main Street Riverside,California,1400,300,0.07
The Salted Pig,Ca79202557,1316710436,3700 12th Street Riverside,California,1400,200,0.07
MTL Concert Venue And Bar,Ca87922786,0787046609,3630 University Avenue Riverside,California,1000,100,0.07
Lake Alice Trading Co,Ca35909245,9341447912,3616 University Avenue Riverside,California,1000,300,0.07
Aurea Vista Night Club and Bar,Ca14594625,0466308677,3498 University Avenue Riverside,California,1200,100,0.07
Applebee's Grill + Bar,Ca52874371,0728164483,3820 Mulberry Street Riverside,California,1200,100,0.07
Mezcal Ultra Lounge,Ca51861834,9658951603,3737 Main Street #100 Riverside,California,1400,2300,0.07
The Menagerie,Ca29010157,8576749122,3581 University Avenue Riverside,California,1100,2300,0.07
Worthington's Tavern,Ca65512934,3282350397,3587 University Avenue Riverside,California,1100,200,0.07
Pixels Bar & Eatery,Ca36459490,0942796045,3535 University Avenue Riverside,California,1200,2400,0.07
Art's Bar & Grill,Ca98596997,7582579530,3357 University Avenue Riverside,California,1400,2300,0.07
Mezcal Cantina y Cocina,Ca87870953,5307032797,3737 Main Street #100 Riverside,California,1400,2300,0.07
Cafe Sevilla of Riverside,Ca89633297,9343603901,3252 Mission Inn Avenue Riverside,California,1400,100,0.07
The Brickwood,Ca19801883,3384324840,3653 Main Street Riverside,California,1200,200,0.07
Timmae’s Snack Bar,Te95073677,5278857521,Corpus Christi,Texas,1000,100,0.08
The Gold Fish,Te65878037,1783430256,724 North Mesquite Street Corpus Christi,Texas,1000,200,0.08
House of Rock,Te98002241,6125845916,511 Starr Street Corpus Christi,Texas,1000,2400,0.08
Rockit's Whiskey Bar & Saloon,Te21605635,6891714062,709 North Chaparral Street Corpus Christi,Texas,1300,200,0.08
Mesquite Street Pizza and Pasta Co.,Te50067199,8795884105,617 North Mesquite Street Corpus Christi,Texas,1000,300,0.08
Flanagan's Downtown,Te99409490,1998476889,417 Starr Street Corpus Christi,Texas,1100,100,0.08
BUS Bar Under the Sun,Te29991448,2239545172,702 North Chaparral Street Corpus Christi,Texas,1200,300,0.08
Mulligan's Pub,Te43201817,0284521014,621 North Chaparral Street Corpus Christi,Texas,1400,200,0.08
Hank's New Lounge,Te61650105,3141099512,419 Peoples Street Corpus Christi,Texas,1200,2400,0.08
The Grub Pub,Te50339996,1336418695,601 North Chaparral Street Corpus Christi,Texas,1000,200,0.08
Bella Luna Downtown,Te14024642,4941449405,429 Schatzell Street Corpus Christi,Texas,1100,2300,0.08
Infinite,Te95999703,0566417686,510 North Chaparral Street Corpus Christi,Texas,1400,100,0.08
Rehab Karaoke,Te15070487,0084316466,512 North Chaparral Street Corpus Christi,Texas,1300,2400,0.08
Cassidy's Irish Pub,Te58388644,3604536543,601 North Water Street Corpus Christi,Texas,1100,100,0.08
Crawdaddy's,Te93166639,7794220624,317 North Mesquite Street Corpus Christi,Texas,1000,300,0.08
Bourbon St. Sports Bar,Te69157295,1034218628,054000130040 Corpus Christi,Texas,1000,2400,0.08
Rebel Toad Brewing Co.,Te48821362,8829364507,425 William Street Corpus Christi,Texas,1300,300,0.08
The Exchange - Corpus Christi,Te26119773,4006387102,224 North Mesquite Street Corpus Christi,Texas,1200,100,0.08
Executive Surf Club,Te79692173,4885901283,306 North Chaparral Street Corpus Christi,Texas,1300,200,0.08
Twisted Saloon,Te92352965,9761922789,218 North Chaparral Street Corpus Christi,Texas,1300,2300,0.08
Cats Den,Ke52136075,8959340678,160 Avenue of Champions Lexington,Kentucky,1000,200,0.11
Crumzz Bar and Grill,Ke99220386,4266286195,395 South Limestone #110 Lexington,Kentucky,1400,100,0.11
Pazzo's Pizza Pub,Ke19602372,4991456952,385 South Limestone Lexington,Kentucky,1000,200,0.11
Two Keys Tavern,Ke45558617,8595142614,333 South Limestone Lexington,Kentucky,1000,200,0.11
Signature Wine & Liquor,Ke37819924,0853695687,325 South Limestone Lexington,Kentucky,1100,200,0.11
The Other Bar,Ke33455418,9665905456,319 South Limestone Lexington,Kentucky,1100,2400,0.11
Paddock Bar & Patio,Ke41397783,6224342616,319 South Limestone # B Lexington,Kentucky,1000,300,0.11
Mellow Mushroom,Ke73908560,2370611697,503 South Upper Street Lexington,Kentucky,1200,100,0.11
Tin Roof,Ke50009519,5110169322,303 South Limestone Lexington,Kentucky,1300,2400,0.11
QDOBA Mexican Eats,Ke35093009,3586809541,265 Avenue of Champions Unit 100 Lexington,Kentucky,1100,200,0.11
Prince Hookah lounge,Ke86279438,0405012570,555 South Limestone Lexington,Kentucky,1200,300,0.11
BurgerFi,Ke71527808,2342923301,391 Rose Street Lexington,Kentucky,1100,100,0.11
Coliseum Liquors,Ke75329785,6263518895,379 Rose Street Lexington,Kentucky,1000,200,0.11
Rocks Bourbon Bar,Ke76613427,6349205426,319 Cedar Street 2nd Floor Lexington,Kentucky,1000,300,0.11
Soundbar,Ke72428204,1745456635,208 South Limestone Lexington,Kentucky,1200,2300,0.11
Ole Hookers,Ke78145936,2789810241,205 South Limestone Lexington,Kentucky,1100,100,0.11
McCarthy's Irish Bar,Ke01518397,9822365838,117 South Upper Street Lexington,Kentucky,1200,200,0.11
Spiders Well,Ke15179800,8232780158,113 South Upper Street Lexington,Kentucky,1100,2300,0.11
NAT'S,Ke54039280,7568350680,111 South Upper Street Lexington,Kentucky,1300,100,0.11
Player's Lounge In Urban,Ke69127413,7322462418,230 West Main Street Lexington,Kentucky,1000,2400,0.11
The Tap Room,Pe59526975,2658941254,555 Grant Street Pittsburgh,Pennsylvania,1100,300,0.04
The Terrace Room,Pe61387765,5114214671,530 William Penn Place Pittsburgh,Pennsylvania,1400,2300,0.04
QDOBA Mexican Eats,Pe16155333,3245576544,601 Grant Street Pittsburgh,Pennsylvania,1300,100,0.04
Wigle Whiskey Tasting Room and Bottle Shop,Pe37109759,6711676641,1820 530 William Penn Place #2 Pittsburgh,Pennsylvania,1000,300,0.04
The Speakeasy,Pe27431260,8631398947,530 William Penn Place Pittsburgh,Pennsylvania,1100,200,0.04
Biergarten,Pe79535180,6562669094,620 William Penn Place Pittsburgh,Pennsylvania,1200,2300,0.04
The Commoner,Pe75225749,9216417115,458 Strawberry Way Pittsburgh,Pennsylvania,1400,300,0.04
The Carlton Restaurant,Pe24918507,2772191288,500 Grant Street Pittsburgh,Pennsylvania,1000,2300,0.04
Eddie V's Prime Seafood,Pe68085130,6431064174,501 Grant Street Pittsburgh,Pennsylvania,1400,100,0.04
Bigelow Grille,Pe03487918,5921043109,1 Bigelow Square Pittsburgh,Pennsylvania,1000,300,0.04
Blend Bar with Davidoff Cigars,Pe03234650,4550731309,Koppers Building 436 Seventh Avenue Pittsburgh,Pennsylvania,1300,100,0.04
Crafted North,Pe05041926,4195054219,112 Washington Place Pittsburgh,Pennsylvania,1000,2300,0.04
Steelhead Brasserie and Wine Bar,Pe25746642,9384236986,112 Washington Place Pittsburgh,Pennsylvania,1300,200,0.04
There Ultra Lounge,Pe21749262,1477654646,3701 931 Liberty Avenue Pittsburgh,Pennsylvania,1200,2400,0.04
941 Saloon,Pe35755959,3478981885,941 Liberty Avenue #1 Pittsburgh,Pennsylvania,1100,2400,0.04
QDOBA Mexican Eats,Pe60350259,6510239123,808 Liberty Avenue Pittsburgh,Pennsylvania,1200,300,0.04
Tilden,Pe45185992,8959509239,941 Liberty Avenue Pittsburgh,Pennsylvania,1400,300,0.04
McCormick & Schmick's Seafood & Steaks,Pe26648927,3836043268,301 Fifth Avenue Pittsburgh,Pennsylvania,1100,2400,0.04
Images Bar,Pe30511270,1615320508,965 Liberty Avenue Pittsburgh,Pennsylvania,1200,100,0.04
City Brew Tours Pittsburgh,Pe54904286,4983118378,112 Washington Place Pittsburgh,Pennsylvania,1000,2400,0.04
Whale's Tail,Al99700571,0848592902,939 West 5th Avenue Anchorage,Alaska,1300,2400,0.11
Bill's bar,Al96731462,2353481879,939 West 5th Avenue Anchorage,Alaska,1100,300,0.11
Downtown Wine & Spirits,Al46014517,9331469643,930 West 5th Avenue Anchorage,Alaska,1100,2300,0.11
LED Ultra Lounge & Grill,Al31211776,1626936677,901 West 6th Avenue Anchorage,Alaska,1000,300,0.11
Pioneer Bar,Al03161166,1021127176,739 West 4th Avenue Anchorage,Alaska,1300,2400,0.11
Glacier Brewhouse,Al38587522,6637505688,737 West 5th Avenue #110 Anchorage,Alaska,1000,2300,0.11
The Gaslight Bar,Al51733768,2523766078,721 West 4th Avenue Anchorage,Alaska,1100,2400,0.11
Simon & Seafort's,Al52290223,9385152016,420 L Street Anchorage,Alaska,1100,300,0.11
Orso,Al73832061,4247697101,737 West 5th Avenue Anchorage,Alaska,1200,200,0.11
Darwin's Theory,Al17903729,4550219931,426 G Street Anchorage,Alaska,1300,300,0.11
Solstice Bar & Grill,Al76351777,3879711043,720 West 5th Avenue Anchorage,Alaska,1000,2400,0.11
Crush Wine Bistro & Cellar,Al89742136,3353462430,328 G Street Anchorage,Alaska,1000,300,0.11
49th State Brewing Co - Anchorage,Al91563272,8955452245,717 West 3rd Avenue Anchorage,Alaska,1300,100,0.11
McGinley's Pub,Al46400402,0336358238,645 G Street Ste 101 Anchorage,Alaska,1400,200,0.11
Humpy's Great Alaskan Alehouse,Al24554159,9871156971,610 West 6th Avenue Anchorage,Alaska,1200,2400,0.11
F Street Station,Al97380686,8413221273,325 F Street Anchorage,Alaska,1200,2400,0.11
Bootleggers,Al93434556,1755471358,612 F Street Anchorage,Alaska,1400,300,0.11
Haute Quarter Grill,Al68753197,1895680626,525 West 4th Avenue Anchorage,Alaska,1400,100,0.11
Brown Bag Sandwich Co.,Al98483172,9822260237,535 West 3rd Avenue Anchorage,Alaska,1200,2300,0.11
Bruins Bar,Al35696264,4107576913,500 West 3rd Avenue Anchorage,Alaska,1000,2300,0.11
Mr. D's Pizza and Pub,Ca00780306,8576534075,122 East Oak Street Stockton,California,1000,300,0.07
Veterans of Foreign Wars Luneta Post 52,Ca56161181,3772755351,513 North Center Street Stockton,California,1100,200,0.07
Taps Bar N Grill,Ca81837931,3280986552,222 North El Dorado Street Stockton,California,1300,100,0.07
2 Table Fusion Grill,Ca29357645,6881180195,209 Channel Street Stockton,California,1200,200,0.07
Delta Bistro & Lounge,Ca72697870,7109986653,110 West Fremont Street Stockton,California,1000,2300,0.07
Misaki Sushi & Bar,Ca87788140,7588650904,222 North El Dorado Street M Stockton,California,1000,300,0.07
FedEx,Ca78827825,5408160786,5655 Hood Way Tracy,California,1200,100,0.07
Terrace Bar,Ca99533903,1004189400,Stockton,California,1200,2300,0.07
Deliberation Room,Ca48682704,3244458097,19 North California Street Stockton,California,1300,100,0.07
Weber Inn,Ca82225274,4263830245,548 East Weber Avenue Stockton,California,1000,300,0.07
Gavel,Ca25152081,8054805666,548 East Weber Avenue Stockton,California,1400,100,0.07
Chivitas,Ca05478796,5590523126,445 West Weber Avenue Stockton,California,1400,200,0.07
Chitiva's Salsa & Sports Bar,Ca51274247,5930238801,445 West Weber Avenue #122 Stockton,California,1300,100,0.07
Cirilos Cocktail Lounge,Ca54311838,8045528454,48 South American Street Stockton,California,1000,2400,0.07
Charlie's Bar & Nightclub,Ca92406721,8907182500,48 South American Street Stockton,California,1400,300,0.07
Stockton Club Rio De Janeiro,Ca52744932,8384900737,315 South Hunter Street Stockton,California,1100,100,0.07
Suzy's Mexican Food,Ca04803745,6070720106,120 West Harding Way Stockton,California,1400,100,0.07
Smitty's Wings & Things,Ca20910885,2445445909,946 North Yosemite Street Stockton,California,1400,2300,0.07
Fat City Brew & BBQ,Ca54318551,3601896511,1740 Pacific Avenue Stockton,California,1400,300,0.07
Whiskey Barrel Saloon,Ca25725991,6485033355,151 West Alder Street Stockton,California,1000,2400,0.07
gren gables motel,Oh46038988,4692690186,Cincinnati,Ohio,1300,2400,0.02
Metropole,Oh27047574,9403034966,609 Walnut Street Cincinnati,Ohio,1300,100,0.02
Nicholson's Tavern & Pub,Oh27664512,6644153946,625 Walnut Street Cincinnati,Ohio,1100,2400,0.02
M. Wellman's,Oh39034091,2802227832,Contemporary Art Center 44 East 6th Street Cincinnati,Ohio,1000,200,0.02
Horse & Barrel Bourbon House,Oh57880894,4707078803,625 Walnut Street Cincinnati,Ohio,1000,2300,0.02
Scene Ultra Lounge,Oh28586528,4855095337,637 Walnut Street Cincinnati,Ohio,1200,2400,0.02
Nada,Oh67366007,3705686308,600 Walnut Street Cincinnati,Ohio,1200,300,0.02
The Righteous Room,Oh88853940,5636547463,2571 641 Walnut Street Cincinnati,Ohio,1300,2300,0.02
We Olive & Wine Bar,Oh74169824,6528389363,33 East 6th Street Cincinnati,Ohio,1100,200,0.02
Prime Cincinnati,Oh74953008,8814526201,580 Walnut Street #100 Cincinnati,Ohio,1200,300,0.02
Igby's,Oh25443424,9907717659,122 East 6th Street Cincinnati,Ohio,1200,2400,0.02
Spare Lounge,Oh63037204,8993132659,35 East 7th Street Cincinnati,Ohio,1100,300,0.02
O'REILLY'S Irish Pub And Restaurant,Oh80454184,8277952015,580 Walnut Street Cincinnati,Ohio,1400,2300,0.02
Jeff Ruby's Steakhouse  Cincinnati,Oh13852167,7408536620,700 Walnut Street Cincinnati,Ohio,1300,300,0.02
Mr. Sushi,Oh53705816,0520819266,580 Walnut Street #500 Cincinnati,Ohio,1300,200,0.02
Madonna's Bar and Grill,Oh99284924,6827647547,11 East 7th Street Cincinnati,Ohio,1100,2300,0.02
Rock Bottom Restaurant & Brewery,Oh23835089,8359083661,10 Fountain Square Cincinnati,Ohio,1400,2300,0.02
Bay Horse Cafe,Oh55832154,9694481287,625 Main Street Cincinnati,Ohio,1300,2300,0.02
The Press Room Lounge Downtown Cincinnati,Oh52016633,6968625626,617 Vine Street 3rd Floor Cincinnati,Ohio,1400,2400,0.02
Via Vite,Oh98535851,0077536011,520 Vine Street Cincinnati,Ohio,1400,200,0.02
Cork's Pub,Mi00533792,9286250054,175 10th Street East Saint Paul,Minnesota,1400,300,0.06
Gopher Bar,Mi74643344,3811892009,241 7th Street East Saint Paul,Minnesota,1400,2300,0.06
Dark Horse Bar & Eatery,Mi53039907,0899859746,250 East 7th Street Saint Paul,Minnesota,1300,200,0.06
The Bulldog Lowertown,Mi08276883,1050663935,237 6th Street East Saint Paul,Minnesota,1400,200,0.06
Tin Whiskers Brewing,Mi29875376,7371033827,125 9th Street East Saint Paul,Minnesota,1100,200,0.06
Barrio,Mi14828273,7711587260,235 6th Street East Saint Paul,Minnesota,1400,100,0.06
GREEN LANTERN COCKTAILS + MUSIC,Mi69218145,2246664825,229 6th Street East Saint Paul,Minnesota,1400,2400,0.06
Black Sheep Coal Fired Pizza,Mi10168053,6518844088,512 Robert Street North Saint Paul,Minnesota,1000,2300,0.06
Camp Bar Twin Cities,Mi07049182,5147898061,490 Robert Street North Saint Paul,Minnesota,1200,300,0.06
Alary's Bar,Mi30100440,5908427367,139 7th Street East Saint Paul,Minnesota,1300,2300,0.06
Sawatdee Thai Restaurant,Mi84962112,0469170200,486 Robert Street North Saint Paul,Minnesota,1000,100,0.06
Saint Dinette,Mi24469429,7895755673,261 5th Street East Saint Paul,Minnesota,1400,100,0.06
Octo fishbar,Mi49943740,3205186451,289 5th Street East Saint Paul,Minnesota,1200,2400,0.06
World of Beer,Mi97678359,8559167055,356 North Sibley Street Saint Paul,Minnesota,1200,300,0.06
Hygga,Mi35306646,6270232325,213 4th Street East suite 100 Saint Paul,Minnesota,1400,200,0.06
The Mn Saloon,Mi68083771,0658095291,Saint Paul,Minnesota,1100,2300,0.06
Hat Trick Lounge,Mi72926903,9983092585,134 5th Street East Saint Paul,Minnesota,1100,300,0.06
Black Dog Cafe,Mi85266792,9949338579,308 East Prince Street Saint Paul,Minnesota,1200,100,0.06
Kelly's Depot Bar & Grill,Mi29998708,8091347083,241 East Kellogg Boulevard Saint Paul,Minnesota,1400,100,0.06
Union Depot Bar & Grill,Mi44291204,1645800670,214 4th Street East #110 Saint Paul,Minnesota,1400,100,0.06
Ottawa Tavern Inc,Oh55268449,8143925593,1817 Adams Street Toledo,Ohio,1100,200,0.02
Peacock Cafe,Oh71620086,0262103729,2007 Monroe Street Toledo,Ohio,1000,300,0.02
Epic Lounge,Oh18494752,4564338730,1919 Monroe Street Toledo,Ohio,1100,200,0.02
Attic On Adams,Oh20819099,1973788942,1701 Adams Street Toledo,Ohio,1000,300,0.02
Roberts Food & Spirits,Oh74690695,9261057723,2635 North Detroit Avenue Toledo,Ohio,1400,200,0.02
Toledo Club,Oh81025584,3811567706,235 14th Street Toledo,Ohio,1000,200,0.02
Club Indigo Jazz Raggae R&B,Oh98970948,2410072296,Toledo,Ohio,1300,200,0.02
Georgjz Fun Food & Spirits,Oh35615032,2565478531,georgjz fun food an spirits Toledo,Ohio,1300,2300,0.02
Georgjz419,Oh59496250,1989600940,1205 Adams Street Toledo,Ohio,1100,300,0.02
Wesley's Bar & Grill,Oh27275221,5362534485,1201 Adams Street Toledo,Ohio,1300,100,0.02
Quality Bar,Oh47609129,5067840958,1424 Cherry Street Toledo,Ohio,1100,100,0.02
Jim's Snack Bar,Oh09435585,8016082922,1622 Spielbusch Avenue Toledo,Ohio,1200,200,0.02
Ken’s Lounge,Oh85766746,0526700025,1701 Lagrange Street Toledo,Ohio,1200,200,0.02
Rod's Bar,Oh61216990,8675074702,2755 Lagrange Street Toledo,Ohio,1400,300,0.02
Mojo's and Legends,Oh47531881,5459080414,113 North Erie Street Toledo,Ohio,1300,100,0.02
Chevy's Place,Oh65209637,3152366279,5930 702 Monroe Street Toledo,Ohio,1200,300,0.02
Black Cloister Brewing Company,Oh83059410,1794216425,619 Monroe Street Toledo,Ohio,1000,200,0.02
Table Forty 4,Oh47939869,0242050487,610 Monroe Street Toledo,Ohio,1300,100,0.02
M Osteria Bar & Lounge,Oh17446634,7255941213,611 Monroe Street Toledo,Ohio,1000,100,0.02
Finz Craft Brews,Oh49034277,1372486688,500 Jefferson Avenue Toledo,Ohio,1000,300,0.02
Stumble Stilskins,No67036677,8217402257,202 West Market Street Greensboro,North Carolina,1300,100,0.06
One 17 Sofa Bar & Lounge,No45049697,0062144577,117 North Greene Street Greensboro,North Carolina,1000,100,0.06
Limelight,No18926756,3728092669,113 South Elm Street Greensboro,North Carolina,1000,200,0.06
Great Balls Of Fire Dueling Piano Bar,No58304965,3482522803,115 South Elm Street Greensboro,North Carolina,1100,2300,0.06
O Trai ni ng,No64897980,8971780683,229 North Greene Street Greensboro,North Carolina,1400,2300,0.06
White and Wood,No18731709,3118891128,215 South Elm Street Greensboro,North Carolina,1000,300,0.06
Europa Bar & Cafe,No99933132,6901785646,200 North Davie Street #15 Greensboro,North Carolina,1200,200,0.06
Krave Kava Bar,No19481569,5639628869,202 Exchange Place Greensboro,North Carolina,1200,100,0.06
Rue-Bar,No88435587,9743155260,318 South Elm Street Greensboro,North Carolina,1000,2300,0.06
Undercurrent Restaurant,No71375775,4446372789,327 Battleground Avenue Greensboro,North Carolina,1300,100,0.06
M'Coul's Public House,No94262573,5511253771,110 West McGee Street Greensboro,North Carolina,1200,200,0.06
Green Burro,No69723429,7007173886,106 West McGee Street Greensboro,North Carolina,1000,300,0.06
Little Brother Brewing,No77808077,2239690765,348 South Elm Street Greensboro,North Carolina,1000,300,0.06
Grey's Tavern,No45736070,7975490785,343 South Elm Street Greensboro,North Carolina,1100,2400,0.06
Natty Greene's Pub & Brewing Co,No01919568,8708976531,345 South Elm Street Greensboro,North Carolina,1000,2400,0.06
Beer Co.,No59367549,3121200674,121 West McGee Street Greensboro,North Carolina,1400,2300,0.06
McGee Street Country & Cocktails,No55847358,3578795864,113 West McGee Street Greensboro,North Carolina,1100,300,0.06
The Idiot Box Comedy Club,No54293150,7635686507,503 North Greene Street Greensboro,North Carolina,1100,2400,0.06
221 Lounge,No17041260,6281099285,221 Summit Avenue Greensboro,North Carolina,1300,300,0.06
Beerthirty Crafts On Tap,No01276838,4787606454,505 North Greene Street Greensboro,North Carolina,1400,300,0.06
Novelty Burger & Bar,Ne10682368,1343642703,214 Market Street Newark,New Jersey,1100,100,0.08
PJ Ryans @ The Rock,Ne63707295,5660951691,35 Edison Place Newark,New Jersey,1200,300,0.08
Hobby's Delicatessen & Restaurant,Ne63537886,1502618507,2723 32 Branford Place Newark,New Jersey,1400,2300,0.08
Redd's Biergarten,Ne00546679,1421579856,220 Market Street Newark,New Jersey,1200,2400,0.08
Club NJ,Ne64898031,4683853729,48 Academy Street Newark,New Jersey,1400,100,0.08
Edison Ale House,Ne98640438,6981927192,51 Edison Place Newark,New Jersey,1300,2300,0.08
Coney Island Texas Wiener Shop,Ne89295738,1726889894,63 Branford Place Newark,New Jersey,1100,2300,0.08
Suite 304 Bar & Restaurant,Ne77160934,2672472014,304 University Avenue Newark,New Jersey,1400,100,0.08
Slam's All American Bar-Grill,Ne11096482,0844113435,892 Broad Street Newark,New Jersey,1200,2300,0.08
The Arena Lounge,Ne42055945,8667583719,Newark,New Jersey,1100,100,0.08
Maize,Ne26186402,3456605046,50 Park Place Newark,New Jersey,1300,200,0.08
QDOBA Mexican Eats,Ne21952033,1970874064,64 Halsey Street Newark,New Jersey,1400,300,0.08
Three Levels Lounge & Sports Bar,Ne74509829,2121469271,218 Mulberry Street Newark,New Jersey,1300,300,0.08
McGoverns Tavern,Ne64265363,7682725436,58 3032 New Street Newark,New Jersey,1300,200,0.08
Jimenez Tobacco,Ne99620389,6869514547,31 Liberty Street Newark,New Jersey,1400,2400,0.08
Market Street Bar & Grill,Ne69094752,2293137480,1 Gateway Ctr Newark,New Jersey,1200,300,0.08
Don Quijote Restaurant,Ne91012853,2458025955,248 Mulberry Street Newark,New Jersey,1300,2300,0.08
NICO Kitchen + Bar,Ne34873293,5748321712,1 Center Street Newark,New Jersey,1300,300,0.08
La Rouge,Ne86117937,2415616102,972 Broad Street Newark,New Jersey,1100,2400,0.08
27 Mix,Ne73648674,5667916445,27 Halsey Street Newark,New Jersey,1100,100,0.08
Lockhart Smokehouse,Te89905812,2190349580,1026 East 15th Street Plano,Texas,1300,200,0.08
Brix Bar & Grill,Te60335231,2691207309,1410 K Avenue #1109a Plano,Texas,1100,2400,0.08
32 Degree Rooftop Bar,Te00021995,7478061688,1006 East 15th Street Plano,Texas,1300,2400,0.08
Urban Crust,Te04245487,5357369805,1006 East 15th Street Plano,Texas,1000,300,0.08
Funnybone lounge,Te95985686,0455372561,1013 East 15th Street Plano,Texas,1400,300,0.08
The Fillmore Pub,Te43810456,3931402699,1004 East 15th Street Plano,Texas,1000,2300,0.08
Vickery Park,Te82615184,3400701235,1011 East 15th Street Plano,Texas,1300,100,0.08
Lone Star State Cigar Co.,Te33415342,3496548614,1100 14th Street Plano,Texas,1100,300,0.08
Urban Rio Cantina & Grill,Te22457292,7611032946,1000 14th Street #100 Plano,Texas,1000,200,0.08
On the Rocks Cantina,Te33186111,7399186878,1000 East 14th Street Second Floor Plano,Texas,1300,300,0.08
Twin Peaks Plano,Te88643229,7799577208,1700 North Central Expressway Plano,Texas,1400,100,0.08
BJ's Restaurant & Brewhouse,Te63519980,7707945318,1101 North Central Expressway Plano,Texas,1400,2400,0.08
Outback Steakhouse,Te01696730,0384753854,1509 North Central Expressway Plano,Texas,1300,200,0.08
Genghis Grill,Te23589863,4487956258,921 North Central Expressway #101 Plano,Texas,1000,2300,0.08
Hooters,Te59587713,8054921556,720 Central Expressway Plano,Texas,1300,2300,0.08
Olive Garden Italian Restaurant,Te00058498,5109906733,700 North Central Expressway Plano,Texas,1200,300,0.08
Fishmonger's,Te73514830,8488192605,2301 North Central Expressway #195 Plano,Texas,1400,200,0.08
Jasper's,Te99408230,2047698023,1251 State Street #950 Richardson,Texas,1400,2400,0.08
Bandera Roadhouse,Te97669410,3531194550,3310 North Central Expressway Plano,Texas,1400,2300,0.08
Renegade Cigars,Te54401688,2922668108,3613 Shire Boulevard #150 Richardson,Texas,1100,2400,0.08
Gold Mine Tavern,Ne77736668,3181347549,23 South Water Street Henderson,Nevada,1300,100,0.11
Juan's Flaming Fajitas & Cantina,Ne83979440,5203775920,16 South Water Street Henderson,Nevada,1300,300,0.11
The Water Bar & Lounge,Ne36419081,5735343709,147 South Water Street #110 Henderson,Nevada,1400,2300,0.11
Public Works Coffee Bar,Ne71252520,2584996226,314 South Water Street #110 Henderson,Nevada,1300,200,0.11
rainbow club,Ne97438480,8810035016,59 Lynn Lane Henderson,Nevada,1000,2400,0.11
Bourbon Street Casino,Ne19148151,2852309838,North Major Avenue Henderson,Nevada,1200,2400,0.11
Johnny Mac's,Ne19618587,3006244132,842 South Boulder Highway Henderson,Nevada,1000,2300,0.11
Dotties,Ne19133988,9815290610,1117-1133 North Boulder Highway Henderson,Nevada,1100,2300,0.11
Coco Lounge,Ne00311975,2073756907,777 West Lake Mead Parkway Henderson,Nevada,1400,2300,0.11
Wahoo's Fish Taco,Ne85299320,4125688697,76 West Horizon Ridge Parkway Henderson,Nevada,1400,300,0.11
Vegas Nightlife Connection VIP Services,Ne55343568,8991967213,College Drive Henderson,Nevada,1000,100,0.11
Pt's Gold,Ne80165152,6764085967,61 West Horizon Ridge Parkway Henderson,Nevada,1300,300,0.11
Pt's Pub,Ne08747055,3782859560,1331 South Boulder Highway #100 Henderson,Nevada,1200,100,0.11
Hammer's Grill & Bar,Ne91939754,7264339736,771 East Horizon Drive #104 Henderson,Nevada,1100,100,0.11
Skyline Hotel & Casino,Ne30038916,1514944289,1741 North Boulder Highway Henderson,Nevada,1200,2300,0.11
Buffalo Wild Wings,Ne28962211,7734843264,65 East Horizon Ridge Parkway Henderson,Nevada,1100,2400,0.11
Rustic Lounge,Ne52444381,1605767715,1817 North Boulder Highway Henderson,Nevada,1100,100,0.11
Village Pub,Ne39880597,8636007244,193 North Gibson Road Henderson,Nevada,1000,200,0.11
Slice 19,Ne40852510,2052993668,901 Olivia Parkway Henderson,Nevada,1100,2300,0.11
Chimera Golf Club,Ne62468170,1668747880,901 Olivia Parkway Henderson,Nevada,1400,300,0.11
Tam O'Shanter Lounge,Ne77185744,7269335898,105 South 25th Street Lincoln,Nebraska,1100,2300,0.01
Gray's Keg Saloon,Ne50635745,9179293580,104 North 20th Street Lincoln,Nebraska,1300,300,0.01
The FOXY Gentlemens Club Lincoln  NE,Ne03214247,7141554940,1823 O Street Lincoln,Nebraska,1100,2400,0.01
Das Haus,Ne03482806,0775695653,1640 O Street Lincoln,Nebraska,1000,300,0.01
Perfect Diner,Ne78206251,8911107338,2855 North 27th Street Lincoln,Nebraska,1100,300,0.01
SARO Cider,Ne50722011,7989077470,1746 N Street Lincoln,Nebraska,1100,300,0.01
Panic,Ne58240310,1603845162,200 South 18th Street Lincoln,Nebraska,1300,200,0.01
Harry's Wonder Bar,Ne51291738,3039116676,1621 O Street Lincoln,Nebraska,1100,100,0.01
Fuzzy's Taco Shop,Ne15491218,4224035736,1442 O Street Lincoln,Nebraska,1200,100,0.01
Zoo Bar,Ne04288748,9900358971,136 North 14th Street Lincoln,Nebraska,1300,100,0.01
Brass Rail,Ne33819891,2534741816,1436 O Street Lincoln,Nebraska,1200,300,0.01
Stogies Bar,Ne29576025,8732272330,1332 P Street Lincoln,Nebraska,1400,2300,0.01
Buffalo Wild Wings,Ne13558365,7496556604,1328 P Street Lincoln,Nebraska,1000,300,0.01
Iguana's Pub,Ne87151746,7054611729,1426 O Street Lincoln,Nebraska,1200,2300,0.01
Jake's Cigars & Spirits,Ne33633292,0009133122,101 North 14th Street Lincoln,Nebraska,1300,200,0.01
Bodega's Alley,Ne67947944,1900970017,3807 1418 O Street Lincoln,Nebraska,1400,100,0.01
AmuManu Ramen Bar,Ne21586402,3846556756,1451 O Street Lincoln,Nebraska,1400,100,0.01
Bison Witches Bar & Deli,Ne66689500,0275711095,1320 P Street #100 Lincoln,Nebraska,1300,200,0.01
Duffy's Tavern,Ne97732444,9056936714,1412 East O Street Lincoln,Nebraska,1200,100,0.01
Yia Yia's,Ne70083317,8380154974,1423 O Street Lincoln,Nebraska,1300,300,0.01
Statler City,Ne64583218,5869602960,107 Delaware Avenue Buffalo,New York,1100,200,0.02
Lobby Bar,Ne16943134,2111709923,107 Delaware Avenue Buffalo,New York,1000,300,0.02
Erie County Bar Association Aid,Ne89991260,7947552176,170 Franklin Street # 400 Buffalo,New York,1400,100,0.02
Lucky Day Whisky Bar,Ne08622898,2825468731,320 Pearl Street Buffalo,New York,1300,2300,0.02
Atrium Bar & Bistro,Ne91725383,2570159981,2 Fountain Plaza Buffalo,New York,1000,300,0.02
Garden Grille & Bar,Ne90864684,8706741953,10 Lafayette Square Buffalo,New York,1400,200,0.02
Sidelines Sports Bar and Grill,Ne69353708,2763572517,189 Delaware Avenue Buffalo,New York,1100,100,0.02
JJs Casa Di Pizza,Ne23359367,3330580080,11 East Mohawk Street Buffalo,New York,1200,300,0.02
Harbor Bistro & Bar,Ne59734368,2340574477,120 Church Street Buffalo,New York,1100,200,0.02
Hatchets & Hops,Ne71478424,3355423780,505 Main Street Buffalo,New York,1400,2400,0.02
Mes Lounge,Ne13989063,3497079121,228 Franklin Street Buffalo,New York,1100,2300,0.02
The Chocolate Bar,Ne32329012,2363062674,114 West Chippewa Street Buffalo,New York,1300,300,0.02
Local Kitchen & Beer Bar,Ne62604592,4901057435,88 West Chippewa Street Buffalo,New York,1200,100,0.02
Spot Coffee,Ne83384268,0736056097,225 Delaware Avenue Buffalo,New York,1000,200,0.02
Lafayette Brewing Co.,Ne28850889,2268023755,391 Washington Street Buffalo,New York,1400,2400,0.02
Soho Buffalo  NY,Ne84938852,8178947894,64 West Chippewa Street Buffalo,New York,1200,200,0.02
Sato Brewpub,Ne79214104,5492563218,110 Pearl Street Buffalo,New York,1400,100,0.02
Buffalo's Mohawk Place,Ne89687657,5485417759,47 East Mohawk Street Buffalo,New York,1400,300,0.02
Bacchus Wine Bar & Restaurant,Ne33722781,9977901700,56 West Chippewa Street Buffalo,New York,1100,100,0.02
Venu Night Club,Ne48552503,7574196258,75 West Chippewa Street Buffalo,New York,1100,200,0.02
Half Time Bar & Grill,Ne00105567,3776924576,746 West Side Avenue Jersey City,New Jersey,1000,2400,0.08
Carvao BBQ,Ne47107305,3598868686,686 Bergen Avenue Jersey City,New Jersey,1400,200,0.08
McGinley Square Pub,Ne53421802,6196383689,755 Montgomery Street Jersey City,New Jersey,1300,200,0.08
Liquors-Beer & Wine,Ne08488216,8671331173,840 Communipaw Avenue Jersey City,New Jersey,1200,2300,0.08
New Park Tavern,Ne05016612,8046980470,575 West Side Avenue Jersey City,New Jersey,1200,200,0.08
Astor Bar & Grill,Ne22010746,6455353742,725 Montgomery Street Jersey City,New Jersey,1400,200,0.08
Emro Corporation,Ne84444757,9402547130,189 Monticello Avenue Jersey City,New Jersey,1000,2300,0.08
Moore's Lounge,Ne56719549,5122340922,189 Monticello Avenue Jersey City,New Jersey,1400,2400,0.08
PF 4 Friends,Ne18185107,5003678598,549 West Side Avenue Jersey City,New Jersey,1100,300,0.08
Roberto s style barber shop,Ne61753696,7417689198,510 West Side Ave and Union Street Jersey City,New Jersey,1200,300,0.08
Mike's Place,Ne86365134,4059043649,511 West Side Avenue Jersey City,New Jersey,1000,2300,0.08
Journal Square Pub,Ne06023129,6524381761,50 Journal Square Plaza Jersey City,New Jersey,1200,300,0.08
Discount Plaza,Ne84107143,4500548883,487 West Side Avenue Jersey City,New Jersey,1000,2400,0.08
Rasoi,Ne13191230,5766728482,810 Newark Avenue Jersey City,New Jersey,1400,2300,0.08
PJ Ryan's Squared,Ne63082357,5393891665,4 Path Plaza Jersey City,New Jersey,1000,200,0.08
Sidebar Café,Ne95812995,8438025172,692 New Jersey 440 Jersey City,New Jersey,1000,300,0.08
junction lounge,Ne42930849,3005993249,497 Communipaw Avenue Jersey City,New Jersey,1300,300,0.08
Palm Court,Ne70440727,2083806388,412 West Side Avenue Jersey City,New Jersey,1100,100,0.08
Grape Vine Tavern,Ne26406144,9331685007,2303 657 Newark Avenue Jersey City,New Jersey,1000,2300,0.08
Applebee's Grill + Bar,Ne66840612,6693578268,Hudson Mall 701 Rt. 440 South Jersey City,New Jersey,1100,200,0.08
The Gentle Penguin,Ca73742076,0798382263,289 3rd Avenue Chula Vista,California,1300,2300,0.07
Dock's Cocktail Lounge,Ca00466448,7112903665,317 Third Avenue Chula Vista,California,1300,2300,0.07
Italianissimo Trattoria,Ca09346430,7930252657,323 Third Avenue Chula Vista,California,1200,200,0.07
Third Avenue Alehouse,Ca18019715,3471412433,319 3rd Avenue Chula Vista,California,1300,2400,0.07
Silver Dollar,Ca88335442,0564701035,341 3rd Avenue Chula Vista,California,1300,200,0.07
Bar Sin Nombre,Ca97003051,5808713354,253 3rd Avenue #100 Chula Vista,California,1300,200,0.07
La Bella Pizza Garden,Ca42105882,1046330352,373 3rd Avenue Chula Vista,California,1100,2400,0.07
Wild Wooly's Saloon,Ca31975838,1663928641,247 Broadway Chula Vista,California,1400,2400,0.07
The Manhattan,Ca20648643,0614766438,400 Broadway Chula Vista,California,1000,100,0.07
Hi Ball,Ca69300454,7929375725,626 E Street Chula Vista,California,1100,300,0.07
Buffalo Wild Wings,Ca93878502,5692405808,555 Broadway #116 Chula Vista,California,1400,200,0.07
On the Rocks Cocktails,Ca59811517,7407227856,656 E Street Chula Vista,California,1300,100,0.07
BJ's Restaurant & Brewhouse,Ca66511287,6461633789,555 Broadway Ste 1019 Chula Vista,California,1200,100,0.07
Zorbas Greek Restaurant & Buffet,Ca23588193,1305742616,100 Broadway Chula Vista,California,1400,100,0.07
Red Lobster,Ca48850035,6092564423,598 H Street Chula Vista,California,1000,2300,0.07
Center Cut Bar,Ca42950353,3205564034,534 Broadway Chula Vista,California,1300,100,0.07
Black Angus Steakhouse,Ca15928120,4001278541,707 E Street Chula Vista,California,1100,2300,0.07
Star Gazer Club,Ca82223937,8560772543,33 Broadway Chula Vista,California,1300,200,0.07
Olive Garden Italian Restaurant,Ca14795751,1783217028,CHULA VISTA CENTER 585 I Street Chula Vista,California,1000,2400,0.07
POSH bar,Ca34794522,5529374353,683 Broadway Chula Vista,California,1000,2300,0.07
816 Pint & Slice,In85607415,5598950947,816 South Calhoun Street Fort Wayne,Indiana,1300,200,0.04
Dash-In,In58156910,3353750438,814 South Calhoun Street Fort Wayne,Indiana,1300,200,0.04
Chapman's Brewing Company,In66505721,6678316696,819 South Calhoun Street Fort Wayne,Indiana,1100,300,0.04
The Hoppy Gnome,In43940037,2988640446,203 East Berry Street Fort Wayne,Indiana,1200,100,0.04
J K O'Donnell's,In11298546,7042290159,121 West Wayne Street Fort Wayne,Indiana,1300,2400,0.04
Columbia Street West,In61427135,6777864590,135 West Columbia Street Fort Wayne,Indiana,1000,2400,0.04
Champions Restaurant & Sports Bar,In97254155,0062188879,1150 South Harrison Street Fort Wayne,Indiana,1300,2400,0.04
Club Soda,In23308122,1402018815,235 East Superior Street Fort Wayne,Indiana,1300,2300,0.04
Copper Spoon,In94463987,3035869360,301 West Jefferson Boulevard #100 Fort Wayne,Indiana,1300,2400,0.04
The Deck,In96562575,9583646568,305 East Superior Street Fort Wayne,Indiana,1300,100,0.04
Old Gas House Restaurant,In42037304,2062545880,305 East Superior Street Fort Wayne,Indiana,1200,100,0.04
O'Reilly's Irish Bar & Restaurant,In21886725,4020812274,301 West Jefferson Boulevard Fort Wayne,Indiana,1400,2300,0.04
The Sidecar,In71671438,0662356939,301 West Jefferson Boulevard Fort Wayne,Indiana,1400,2300,0.04
LaSalle Downtown Inn,In86109425,8303172589,517 West Washington Boulevard Fort Wayne,Indiana,1000,200,0.04
Henry's Restaurant,In64241558,2722127589,536 West Main Street Fort Wayne,Indiana,1300,100,0.04
Rudy's,In46235439,8381616511,3313 409 West Brackenridge Street Fort Wayne,Indiana,1300,2400,0.04
The Brass Rail,In21783890,3965607654,1121 Broadway Fort Wayne,Indiana,1200,2400,0.04
Phoenix,In88462145,1536187036,1122 Broadway Fort Wayne,Indiana,1400,300,0.04
Big Eyed Fish,In38298815,1034602041,1502 North Wells Street Fort Wayne,Indiana,1300,300,0.04
Dan's Broadway Grill,In59394363,1734418030,1420 Broadway Fort Wayne,Indiana,1100,2300,0.04
The Boheme,Fl69798840,9006720756,325 South Orange Avenue Orlando,Florida,1300,200,0.06
Bösendorfer Lounge,Fl87229009,0412095590,325 South Orange Avenue Orlando,Florida,1300,2400,0.06
Graffiti Junktion Church Street,Fl31099519,3713279542,54 West Church Street Orlando,Florida,1200,2400,0.06
Native Social Bar,Fl08936904,0548624534,27 West Church Street Orlando,Florida,1100,300,0.06
Oakroom,Fl26002638,1478896911,27 West Church Street Orlando,Florida,1100,200,0.06
Chillers,Fl59008917,6979698093,33 West Church Street Orlando,Florida,1200,100,0.06
Chela Tequila & Tacos,Fl63854236,8360246297,183 South Orange Avenue Orlando,Florida,1400,100,0.06
Danny & Pat's,Fl17473640,6492946454,25 West Church Street Orlando,Florida,1100,2300,0.06
Latitudes Roof Top Party Bar,Fl69445055,0779553857,33 West Church Street Orlando,Florida,1100,200,0.06
Latitudes,Fl92801512,1645977509,33 West Church Street Orlando,Florida,1300,300,0.06
Clandestino orlando,Fl29302170,9437984215,41 West Church Street Orlando,Florida,1000,200,0.06
Irish Shannon's Pub,Fl95571857,1493186589,41 West Church Street Orlando,Florida,1000,2400,0.06
Hamburger Mary's,Fl39588729,9632531086,110 West Church Street Orlando,Florida,1300,100,0.06
The Rusty Spoon,Fl91123846,8014259392,55 West Church Street Orlando,Florida,1200,300,0.06
Market On Magnolia,Fl21445755,3674867068,150 South Magnolia Avenue Orlando,Florida,1300,200,0.06
SideBar Orlando,Fl18514722,3264457541,118 South Orange Avenue Orlando,Florida,1100,2400,0.06
EVE Orlando,Fl26132102,9228928284,110 South Orange Avenue Orlando,Florida,1200,200,0.06
The Vintage Lounge,Fl90164774,2080754412,114 South Orange Avenue Orlando,Florida,1200,200,0.06
VYCE LOUNGE,Fl19928634,0895094974,112 South Orange Avenue Orlando,Florida,1100,100,0.06
Lion's Pride Orlando,Fl17757023,8384898336,123 West Church Street Orlando,Florida,1300,2300,0.06
Angelo's Grill & Bar,Fl47774472,2532888689,536 1st Avenue North Saint Petersburg,Florida,1400,200,0.06
Nouvelle Beauty Bar,Fl81497569,4870111672,475 Central Avenue 101 Saint Petersburg,Florida,1200,2400,0.06
Inoculum Ale Works Taproom,Fl71778342,5710415967,554 1st Avenue North Saint Petersburg,Florida,1300,2300,0.06
ASIE Pan-Asian,Fl62455609,2778730922,437 Central Avenue Saint Petersburg,Florida,1200,2300,0.06
La V,Fl24193731,0090923378,441 Central Avenue Saint Petersburg,Florida,1000,2300,0.06
The Galley: A St. Pete Tavern,Fl58937074,6327283642,27 4th Street North Saint Petersburg,Florida,1300,2400,0.06
G St. Pete,Fl58965213,1304575265,350 1st Avenue North Saint Petersburg,Florida,1100,100,0.06
Club Lust,Fl90441215,4887369333,340 1st Avenue North Saint Petersburg,Florida,1000,2400,0.06
Emerald Bar,Fl04939503,7263071377,550 Central Avenue North Saint Petersburg,Florida,1300,100,0.06
Bar@548,Fl59302382,3008258394,548 Central Avenue Saint Petersburg,Florida,1100,2400,0.06
The Cider Press Cafe,Fl22901082,3418086240,601 Central Avenue Saint Petersburg,Florida,1100,300,0.06
The Lure,Fl56785911,2149212296,661 Central Avenue North Saint Petersburg,Florida,1400,2400,0.06
Bean Town,Fl25133667,0132317715,29 3rd Street North Saint Petersburg,Florida,1400,100,0.06
Ruby's Elixir,Fl76201625,1410441024,15 3rd Street North Saint Petersburg,Florida,1000,2400,0.06
Bartique,Fl19558339,7083843427,648 Central Avenue Saint Petersburg,Florida,1100,2300,0.06
Johnny Vapors Vape Kava & Kratom Bar,Fl37811340,0127397700,650 Central Avenue Saint Petersburg,Florida,1200,300,0.06
Fubar Downtown,Fl66388971,9728243945,658 Central Avenue Saint Petersburg,Florida,1000,100,0.06
Yard of Ale St Pete,Fl56118802,6732586219,260 1st Avenue North Saint Petersburg,Florida,1300,300,0.06
260 First,Fl18674799,9539508898,260 1st Avenue North Saint Petersburg,Florida,1200,2400,0.06
Proof Cocktail Club,Fl96540308,3412449556,260 1st Avenue North Saint Petersburg,Florida,1000,100,0.06
The Ostrich,Ar56039998,8686309448,10 North San Marcos Place Chandler,Arizona,1100,2400,0.04
SanTan Brewing Company - San Marcos,Ar66257387,4919788723,8 South San Marcos Place Chandler,Arizona,1400,100,0.04
El Zocalo Mexican Grill,Ar48193224,5432173959,28 South San Marcos Place Chandler,Arizona,1400,2400,0.04
Murphy's Law Irish Pub,Ar05741493,7181938697,58 South San Marcos Place Chandler,Arizona,1400,200,0.04
Howdy Partners LLC,Ar96334529,5697999181,11 West Boston Street # 1 Chandler,Arizona,1000,2300,0.04
Bourbon Jacks Bar & Grill,Ar45894483,8329854473,11 West Boston Street Suite 1 Chandler,Arizona,1000,300,0.04
Las Palmas Cantina,Ar51772681,3063817602,95 West Boston Street Chandler,Arizona,1300,2300,0.04
Puro Cigar Bar,Ar39994184,3220043374,111 West Boston Street Chandler,Arizona,1200,2300,0.04
El Coyote Sports Bar,Ar46024353,0318366883,481 North Arizona Avenue Chandler,Arizona,1000,2300,0.04
480 Bar,Ar65330403,7750301573,Chandler,Arizona,1400,2300,0.04
The480Bar,Ar70013593,0385925806,480 North Arizona Avenue Chandler,Arizona,1400,2300,0.04
The Local Chandler,Ar94856751,7982411271,55 West Chicago Street Chandler,Arizona,1200,100,0.04
QuartHaus,Ar93090483,2372334963,201 South Washington Street Chandler,Arizona,1000,200,0.04
The Perch Brewery,Ar05273058,4035314489,232 South Wall Street Chandler,Arizona,1300,300,0.04
Singing Pandas Asian Restaurant & Bar,Ar81168139,9884739382,757 East Chandler Boulevard Chandler,Arizona,1300,300,0.04
William B Pate VFW Post 7401,Ar85024644,8715297586,751 South Arizona Avenue Chandler,Arizona,1000,2400,0.04
Hangar 9 Bar & Grille,Ar92744930,3307664050,980 East Pecos Road Chandler,Arizona,1100,300,0.04
Pizza on 87,Ar38560848,0257341248,1368 North Arizona Avenue #101 Chandler,Arizona,1000,200,0.04
The Stadium Club,Ar16700587,5130875846,940 North Alma School Road #109 Chandler,Arizona,1100,300,0.04
Karaoke Sing A Long Systems,Ar34197354,0948867273,Chandler / Ray Chandler,Arizona,1300,2300,0.04
parques de la redo,Te44277302,2352820483,1704-1600 East Saunders Street Laredo,Texas,1400,300,0.08
Maryland,Te09142520,6280578108,603 East Travis Street Laredo,Texas,1100,200,0.08
Antro Night Club,Te97667850,4453847408,5517 McPherson Road Laredo,Texas,1400,200,0.08
Frontera Beer and Wine Garden,Te80283762,5190502419,3301 San Bernardo Avenue #24A Laredo,Texas,1000,2300,0.08
Charlie's Corona Bar and Grill,Te96943865,3083141416,3902 San Bernardo Avenue Laredo,Texas,1200,100,0.08
El Tamyko Bar,Te57838997,8934926624,3920 San Bernardo Avenue Laredo,Texas,1400,200,0.08
Seikatsu! Anime & Gaming Lounge,Te57484069,0424995540,2100 Corpus Christi Street Laredo,Texas,1100,2300,0.08
Evil Twin,Te78154174,9893442716,5702 McPherson Road #5 Laredo,Texas,1300,200,0.08
Heat Point Chinese Grill & Bar,Te61862889,9035619740,4100 San Bernardo Avenue Laredo,Texas,1400,300,0.08
The Covey Lounge & Grill,Te19375855,6492970951,800 Garden Street Laredo,Texas,1300,200,0.08
Sixty Eight Club,Te29925247,7235006592,2301 San Bernardo Avenue Laredo,Texas,1200,300,0.08
Briskets & Beer Smokehouse,Te49765970,2916549820,2002 Chihuahua Street Laredo,Texas,1200,100,0.08
Cold Brew Sports Bar & Lounge,Te49746470,6235238239,4520 San Bernardo Avenue Laredo,Texas,1000,100,0.08
The Cold Brew Rock Bar,Te26718999,1003145929,4500 San Bernardo Avenue Suite 103 Laredo,Texas,1200,300,0.08
Classic Tavern,Te10131539,5646078015,6020 McPherson Road Laredo,Texas,1300,2400,0.08
Las Amorosas Beer,Te00828626,8636755031,3120 Santa Maria Avenue Laredo,Texas,1300,2300,0.08
LongHorn Steakhouse,Te65718069,8880580887,5301 San Dario Avenue Laredo,Texas,1000,2400,0.08
Osaka Grill,Te83651778,4582503906,5300 San Dario Avenue # 218B Laredo,Texas,1300,100,0.08
The New Jockey Club,Te36954420,8307326274,1520 Constantinople Street Laredo,Texas,1300,2400,0.08
Ruby's Club,Te86764819,4927917944,1520 Constantinople Street Laredo,Texas,1100,100,0.08
Buffalo Wild Wings,Vi90777025,2095241581,420 Monticello Avenue Suite 150 Norfolk,Virginia,1200,2300,0.06
Chili's Grill & Bar,Vi63317365,9846202085,300 Monticello Avenue #309 Norfolk,Virginia,1200,200,0.06
4 5 6 Fish,Vi62247969,1581697102,456 Granby Street Norfolk,Virginia,1100,2400,0.06
Scotty Quixx,Vi45870880,4314520038,436 Granby Street Norfolk,Virginia,1000,300,0.06
Baxter's Sports Bar,Vi46857786,5892318555,500 Granby Street Norfolk,Virginia,1400,100,0.06
The Barrel Room,Vi88248013,9442224499,437 Granby Street Norfolk,Virginia,1100,100,0.06
Gershwin's,Vi89827468,6881490066,332 Granby Street Norfolk,Virginia,1300,200,0.06
FM Restaurant,Vi40968998,8640656486,320 Granby Street Norfolk,Virginia,1300,100,0.06
The Back,Vi85470164,2945413891,319 Granby Street Norfolk,Virginia,1200,300,0.06
Bonchon,Vi95608073,2237405258,273 Granby Street Norfolk,Virginia,1400,2300,0.06
Cork & Company,Vi18695184,2977605199,244 Granby Street a Norfolk,Virginia,1300,2400,0.06
Saint Germain,Vi61569931,9559482994,255 Granby Street Norfolk,Virginia,1300,100,0.06
Tap It Local,Vi30728566,8226612934,244 Granby Street Norfolk,Virginia,1300,2400,0.06
Pourhouse Of Norfolk,Vi92110245,4490811714,257 Granby Street Norfolk,Virginia,1100,300,0.06
Luce,Vi32490791,9884129233,245 Granby Street Norfolk,Virginia,1200,100,0.06
Black Tuna Catering Services,Vi68749831,8743460085,700 Monticello Avenue Norfolk,Virginia,1400,100,0.06
Brick Anchor Brew House,Vi51979838,8646261401,241 Granby Street Norfolk,Virginia,1100,300,0.06
Chartreuse Bistro,Vi98284704,2915203738,205 East City Hall Avenue Norfolk,Virginia,1100,2300,0.06
Grace O'Malley's Irish Pub and Restaurant,Vi54028589,2994527510,211 Granby Street Norfolk,Virginia,1200,2400,0.06
Palace VA Bistro and Lounge,Vi00876983,8583720071,200 East Plume Street Norfolk,Virginia,1100,2400,0.06
Bar Brunello,No63953063,2060832607,117 East Main Street Durham,North Carolina,1100,2300,0.06
The Atomic Fern,No45567650,3347261445,108 East Parrish Street Durham,North Carolina,1300,100,0.06
106 Main,No24019671,6246574517,106 East Main Street Durham,North Carolina,1000,2300,0.06
Bull City Burger and Brewery,No00698188,8497462618,107 East Parrish Street Durham,North Carolina,1400,2300,0.06
Bar Virgile,No06005871,3549859420,105 South Mangum Street Durham,North Carolina,1000,200,0.06
Pompieri Pizza,No86785233,1522902220,102 City Hall Plaza Durham,North Carolina,1000,2300,0.06
Quarter Horse Bar & Arcade,No88913501,4053030391,108 South Mangum Street Durham,North Carolina,1300,300,0.06
Pinhook,No66527181,5594338066,117 West Main Street Durham,North Carolina,1400,2400,0.06
Rock's Bar and Hair Shop,No61082148,9824350108,119 West Main Street Durham,North Carolina,1400,200,0.06
Durham Bar,No96568471,6812005901,510 South Dillard Street Durham,North Carolina,1300,300,0.06
The Wine Feed | Pine and Poplar,No84959550,3181746460,307 South Roxboro Street Durham,North Carolina,1000,200,0.06
The Wine Feed,No43176800,2676317817,307 South Roxboro Street Durham,North Carolina,1300,100,0.06
Alley Twenty Six,No75336422,9969525659,320 East Chapel Hill Street Durham,North Carolina,1000,100,0.06
Bull City Ciderworks,No52401778,7171773085,3628 305 South Roxboro Street Durham,North Carolina,1300,200,0.06
The Studio,No22438068,6920935599,202 Corcoran Street Durham,North Carolina,1400,300,0.06
Allday Cafe,No03054592,9609292061,202 Corcoran Street Durham,North Carolina,1000,100,0.06
Pour Taproom: Durham,No28301751,3041397949,202 Corcoran Street #200 Durham,North Carolina,1100,100,0.06
Counting House,No99937343,4786591907,111 Corcoran Street Durham,North Carolina,1100,2400,0.06
Tobacco Road Sports Cafe,No36037395,3886191820,280 South Mangum Street #100 Durham,North Carolina,1200,2400,0.06
Taberna Tapas,No61887123,1465808594,325 West Main Street Durham,North Carolina,1000,300,0.06
Buffalo Wild Wings,Wi86129794,6924340015,789 University Avenue Madison,Wisconsin,1200,100,0.06
Church Key,Wi33734511,2545517169,626 University Avenue Madison,Wisconsin,1400,300,0.06
Liquid,Wi10540451,1575624766,624 University Avenue Madison,Wisconsin,1200,100,0.06
The Double U,Wi86176303,2367566012,620 University Avenue Madison,Wisconsin,1000,100,0.06
Ruby Lounge,Wi69881213,8678045014,1 Hawthorne Court Madison,Wisconsin,1100,300,0.06
Lakeview Lounge,Wi86802714,8203743714,800 Langdon Street room 1341 Madison,Wisconsin,1200,300,0.06
Karaoke Kid,Wi41357141,1261938462,614 University Avenue Madison,Wisconsin,1400,100,0.06
Der Stiftskeller,Wi12110228,2750834526,800 Langdon Street room 1211 Madison,Wisconsin,1300,2300,0.06
Wando's,Wi05959317,4490533647,602 University Avenue Madison,Wisconsin,1300,2300,0.06
Red Shed,Wi49576387,1202000357,406 North Frances Street Madison,Wisconsin,1200,200,0.06
Kollege Klub Inc,Wi59763241,2922916726,529 North Lake Street Madison,Wisconsin,1000,100,0.06
Dotty Dumpling's Dowry,Wi64116176,4526770745,317 North Frances Street Madison,Wisconsin,1100,200,0.06
State Street Brats,Wi29096060,2803051117,1015 603 State Street Madison,Wisconsin,1100,200,0.06
City Bar,Wi29628387,6601702657,636 State Street Madison,Wisconsin,1300,2300,0.06
Vintage Spirits & Grill,Wi30861125,2539696865,529 University Avenue Madison,Wisconsin,1200,2300,0.06
Nitty Gritty-Madison,Wi88631148,5400021038,223 North Frances Street Madison,Wisconsin,1100,200,0.06
Camp Trippalindee,Wi79434490,8222162484,601 Langdon Street 7th floor Madison,Wisconsin,1200,200,0.06
Roast Public House,Wi26648287,3131111792,558 State Street Madison,Wisconsin,1200,2300,0.06
Sett Recreation and Sett Pub,Wi92680324,6293161981,1308 West Dayton Street room 105 Madison,Wisconsin,1000,2300,0.06
Blue Velvet Lounge,Wi91197584,1182253107,1009 430 West Gilman Street Madison,Wisconsin,1300,2300,0.06
Flippers Tavern,Te23234657,6925174687,1406 Avenue Q Lubbock,Texas,1300,2400,0.08
BierHaus Lubbock,Te51137708,9706263615,2009 Broadway Street Lubbock,Texas,1400,2400,0.08
Kongs,Te72000850,4496000736,1707 Texas Avenue Lubbock,Texas,1400,2300,0.08
Louie Louie's Piano Bar,Te37358386,4352297014,1703 Texas Avenue Lubbock,Texas,1100,2400,0.08
The Library Bar Lubbock,Te65729207,7945093578,1701 Texas Avenue Lubbock,Texas,1000,200,0.08
Library III,Te84627911,7975144703,1701 Texas Avenue Lubbock,Texas,1400,2400,0.08
Backstage Lubbock,Te71661132,1619272190,1711 Texas Avenue Lubbock,Texas,1200,2400,0.08
Downtown Social LBK,Te60963504,5915973273,1711 Texas Avenue Lubbock,Texas,1100,2300,0.08
Corner Bar / Suede Vip Lounge,Te61878506,1439626442,1720 Buddy Holly Avenue Lubbock,Texas,1100,100,0.08
The Drink Bar,Te76914531,3370630238,1720 Buddy Holly Avenue Lubbock,Texas,1400,2400,0.08
Tom's Daiquiri Place,Te97448321,4331568733,1808 Buddy Holly Avenue Lubbock,Texas,1400,200,0.08
La Diosa Cellars,Te28910235,8774930469,901 17th Street Lubbock,Texas,1300,2400,0.08
The Brewery LBK,Te16942514,5813348097,1204 Broadway #104 Lubbock,Texas,1100,300,0.08
The West Table Kitchen and Bar,Te93045516,2317309365,1204 Broadway Street #103 Lubbock,Texas,1400,2400,0.08
Triple J's Chop House & Brew Pub,Te99849179,9027936314,1807 Buddy Holly Avenue Lubbock,Texas,1400,200,0.08
The Garden,Te44714562,7681730632,5136 1801 Buddy Holly Avenue Lubbock,Texas,1300,200,0.08
Bottoms Up Bar,Te54710173,4291635144,5132 1611 Buddy Holly Avenue Lubbock,Texas,1200,2300,0.08
Lucky's,Te11698989,2010748928,Lubbock,Texas,1200,300,0.08
T & A's Bar A Chill,Te23226986,3807075563,2512 Texas Avenue Lubbock,Texas,1400,200,0.08
Freaky Tiki Tavern,Te19861417,4856923499,2512 Texas Avenue Lubbock,Texas,1000,2300,0.08
Thai Kitchen,Ca70393550,7524362977,4250 Barranca Parkway U Irvine,California,1300,2300,0.07
Islands Restaurant Irvine Culver,Ca93714644,9152483659,4020 Barranca Parkway Irvine,California,1200,100,0.07
THE CUT Handcrafted Burgers,Ca58264643,4322585120,3831 Alton Parkway #C Irvine,California,1400,2300,0.07
Olive Garden Italian Restaurant,Ca42765734,6563173138,3755 Alton Parkway Irvine,California,1300,2400,0.07
Chili's Grill & Bar,Ca41031266,8374906153,3745 Alton Parkway Irvine,California,1200,2400,0.07
Lamppost Pizza,Ca72916264,2897504549,14450 Culver Drive E Irvine,California,1400,300,0.07
Backstreet Brewery,Ca16270756,5850749480,14450 Culver Drive F Irvine,California,1100,300,0.07
Heritage Park Community Center,Ca35778820,6787992872,14301 Yale Ave & Walnut Ave Irvine,California,1400,300,0.07
Koba Tofu Grill,Ca15170353,8380233849,14370 Culver Drive Irvine,California,1400,2400,0.07
Buffalo Wild Wings,Ca51999412,5179167945,14110 Culver Drive Irvine,California,1300,100,0.07
Tomikawa Sushi Bar Restaurant,Ca49454485,0965622711,14191 Jeffrey Road Irvine,California,1400,100,0.07
The Hangar Bar,Ca76424414,5165663710,2847 Park Avenue Tustin,California,1300,200,0.07
The Winery Restaurant & Wine Bar,Ca84787828,9054742688,2647 Park Avenue Tustin,California,1200,200,0.07
Lucille's Smokehouse Bar-B-Que,Ca55915226,8021276278,2550 Park Avenue Tustin,California,1200,2300,0.07
Bar 2,Ca26222002,6078345586,2550 Park Avenue Tustin,California,1100,2300,0.07
The Auld Dubliner,Ca37238995,2840352643,2497 Park Avenue Tustin,California,1000,100,0.07
The Kroft,Ca61285180,4012151670,2493 Park Avenue Tustin,California,1100,300,0.07
Central Bar,Ca67413980,1014718845,2493 Park Avenue Tustin,California,1100,2400,0.07
HATCH,Ca69704944,4098030965,Union Market at the District 2705 2493 Park Avenue Suite #27 Tustin,California,1100,200,0.07
Kettlebar,Ca61273937,3471432600,2493 Park Avenue #41 Tustin,California,1400,2400,0.07
Trophy Room,No72990468,0554318728,517 North Liberty Street Winston-Salem,North Carolina,1300,200,0.06
Dogwood Hops And Crops,No75204486,5733351215,517 North Liberty Street Winston-Salem,North Carolina,1100,200,0.06
The Katharine Brasserie,No59270620,4081155322,401 North Main Street Winston-Salem,North Carolina,1300,100,0.06
Reboot Arcade Bar,No85460868,9317530543,534 North Liberty Street Winston-Salem,North Carolina,1300,300,0.06
Fourth and Trade,No97822624,0372218856,131 West 4th Street Winston-Salem,North Carolina,1300,300,0.06
Rena Marie's Coffees & Bubble Tea,No24528330,0977947501,545 Trade Street Northwest Winston-Salem,North Carolina,1000,2400,0.06
King's Crab Shack and Oyster bar,No13606258,0109964746,239 West 4th Street Winston-Salem,North Carolina,1300,2400,0.06
Graze,No77820772,5285431510,425 North Cherry Street Winston-Salem,North Carolina,1400,2300,0.06
Small Batch Beer Co.,No47210898,3826735496,241 West 5th Street Winston-Salem,North Carolina,1000,2400,0.06
Club Therapy,No95249164,2169345670,411 North Cherry Street Winston-Salem,North Carolina,1000,300,0.06
Tate's Craft Cocktails,No13658963,1208327403,279 West 4th Street Winston-Salem,North Carolina,1000,100,0.06
Sixth & Vine,No55149545,5558467882,209 West 6th Street Winston-Salem,North Carolina,1100,2400,0.06
Finnigan's Wake,No81031358,6722565279,620 Trade Street Northwest Winston-Salem,North Carolina,1000,2300,0.06
Fair Witness Fancy Drinks,No73155781,0521239451,290 4th Street East Winston-Salem,North Carolina,1300,2400,0.06
Single Brothers,No81374506,9076441790,627 Trade Street Northwest Winston-Salem,North Carolina,1100,2300,0.06
Krankies,No77835144,2904486658,211 East 3rd Street Winston-Salem,North Carolina,1000,2300,0.06
LOCAL 27101,No60431886,7768556666,310 West 4th Street Winston-Salem,North Carolina,1300,2300,0.06
Camino Bakery,No38238792,4275886744,310 West 4th Street Winston-Salem,North Carolina,1300,2400,0.06
Silver Moon Saloon,No22936536,6283842564,632 Trade Street Northwest Winston-Salem,North Carolina,1200,300,0.06
Kelly Days Bar,No61157751,0231943784,700-766 North Liberty Street Winston-Salem,North Carolina,1300,2400,0.06
Thunderbird Lounge,Ar67842736,0296893635,Glendale,Arizona,1400,2400,0.04
Gaslight Inn,Ar39480874,2426074890,5747 West Glendale Avenue Glendale,Arizona,1100,2400,0.04
Room 11,Ar42049001,5613054124,5745 West Glendale Avenue Glendale,Arizona,1200,200,0.04
Desert Rose Pizza & Gastropub,Ar41569793,7488461179,6729 North 57th Drive B Glendale,Arizona,1400,2300,0.04
Robert Emmets Food & Spirits,Ar73426838,7469419317,6411 North 59th Avenue Glendale,Arizona,1100,200,0.04
K J's,Ar77721386,7323754237,5944 West Bethany Home Road Glendale,Arizona,1100,200,0.04
Cocktails,Ar11139354,1302918650,5944 West Bethany Home Road Glendale,Arizona,1000,300,0.04
Dolce Vino Wine Bar,Ar12090666,5165516376,4935 West Glendale Avenue Suite 17 Glendale,Arizona,1000,300,0.04
The Glass House Bar and Grill,Ar06046703,5406201427,5160 West Northern Avenue Glendale,Arizona,1400,2400,0.04
Hooper's Pub,Ar16082708,9584522043,5114 West Northern Avenue Glendale,Arizona,1000,300,0.04
ATL WINGS,Ar42007228,2104877904,8024 North 51st Avenue Glendale,Arizona,1400,2400,0.04
La rubia y la morena bar,Ar54856263,4392912588,6723 West Bethany Home Road Glendale,Arizona,1100,200,0.04
Max's Sports Bar,Ar00809954,2062061187,6727 North 47th Avenue Glendale,Arizona,1100,2400,0.04
Overtime Lounge,Ar14601457,5114346763,5304 North 59th Avenue Glendale,Arizona,1300,2300,0.04
El Parral,Ar08642672,7086134793,4346 West Glendale Avenue Glendale,Arizona,1000,300,0.04
Coco Loco Lounge,Ar77986847,1599630374,5510 West Camelback Road suite 10 Glendale,Arizona,1000,300,0.04
Skippers Lounge,Ar93316766,9600466793,6124 North 43rd Avenue Glendale,Arizona,1100,200,0.04
Westside Les's Too Sports Bar,Ar20973945,3126688798,6618 West Olive Avenue Glendale,Arizona,1400,100,0.04
Westside Cocktail Lounge,Ar36963952,0860985481,5114 West Camelback Road Glendale,Arizona,1400,2300,0.04
Swizzle Stick,Ar90581040,3007374469,5132 West Olive Avenue Glendale,Arizona,1400,2400,0.04
Tavern on the Square,Te12535747,0988803106,601 West State Street Garland,Texas,1000,2400,0.08
Intrinsic Smokehouse Brewery + BBQ Catering,Te97453893,7400815810,509 West State Street Garland,Texas,1100,100,0.08
Lucy's,Te70863877,7918838077,2441 West Walnut Street #201 Garland,Texas,1400,300,0.08
Garland Tx,Te80709221,8589491624,26141500060120000 Garland,Texas,1300,300,0.08
Satur B&M Nutricion,Te47229221,7150086976,26430500120010000 Garland,Texas,1300,2300,0.08
Chili's Grill & Bar,Te19230147,1337135962,3271 North President George Bush Highway Garland,Texas,1200,100,0.08
Calligenia nails salon,Te80168233,8980449626,3632 Saturn Road Garland,Texas,1100,2400,0.08
Lakewood Brewing Company,Te31029948,5732893045,2302 Executive Drive Garland,Texas,1200,200,0.08
Harbor Point Club & Grill,Te32894569,4133372226,2121 Buckingham Road Richardson,Texas,1300,100,0.08
TGI Fridays,Te61631729,6700341096,220 Coneflower Drive Garland,Texas,1200,100,0.08
Genghis Grill,Te60912623,0159199747,215 Coneflower Drive Garland,Texas,1400,2300,0.08
Bar Louie,Te39638194,6761514945,340 Coneflower Drive Garland,Texas,1000,2400,0.08
Houlihan's,Te35551429,7679834380,Garland Houlihan’s 660 Town Center Boulevard Garland,Texas,1400,2400,0.08
Wildwood Smoke Craft Whiskey,Te09105644,7190361491,310 Town Center Boulevard Garland,Texas,1200,100,0.08
Foxiis Restaurant and Grill,Te26400598,0350563696,365 Coneflower Drive Garland,Texas,1200,2300,0.08
Cristina's Fine Mexican Restaurant,Te80712926,3865215370,4170 Lavon Drive # 100 Garland,Texas,1300,2300,0.08
Ichi Sushi Grill and Lounge,Te71611177,2002215490,690 Beebalm Lane Garland,Texas,1100,200,0.08
Pete's Burgers  Wings and Drinks,Te42495181,1056531734,695 Town Square Boulevard Garland,Texas,1100,2300,0.08
Pinot's Palette,Te19309036,1982579899,305 River Fern Avenue #1126 Garland,Texas,1300,2400,0.08
Scooters Bar & Grill,Te54671951,1661107896,1401 Northwest Highway # 121 Garland,Texas,1400,100,0.08
Bar La Rosa,Fl89492846,3433373377,4150 Palm Avenue Hialeah,Florida,1300,300,0.06
Molina's Ranch Restaurant,Fl15956226,3206846723,4090 East 8th Avenue Hialeah,Florida,1100,2400,0.06
Barrunto Peruvian Restaurant Bar,Fl80878416,3963914716,4085 East 8th Avenue Hialeah,Florida,1000,100,0.06
Quinceañeras And Wedding Rental And Sale,Fl93114312,2641450914,2639 West 3rd Court #2 Hialeah,Florida,1200,100,0.06
Miami Warehouse,Fl25080255,4236037523,4620 East 11th Avenue Hialeah,Florida,1200,200,0.06
Hooters,Fl81216404,9412805929,680 West 49th Street Hialeah,Florida,1100,2300,0.06
Reino de los jugos,Fl52961735,2604152285,2460-2494 East 10th Avenue Hialeah,Florida,1200,100,0.06
Haze Hookah Cafe & Tobacco Shop,Fl79465544,9946901283,4801 West 8th Avenue Hialeah,Florida,1200,200,0.06
Leonardo bonilla,Fl75987544,5507429172,Hialeah,Florida,1400,300,0.06
Llemay Valdes,Fl86299141,7699736329,3415 Northwest 102nd Street Miami,Florida,1000,200,0.06
Tita,Fl90408766,2355040919,1280 West 46th Street Hialeah,Florida,1300,100,0.06
Sushi Sake Hialeah,Fl72598993,9449528929,1165 West 49th Street Hialeah,Florida,1100,100,0.06
Cuba Lives Restaurant  Bar & Buffet,Fl71918182,8023666011,4590 West 12th Avenue Hialeah,Florida,1300,200,0.06
VapeSticK,Fl82668108,7711757794,527 East 9th Street #2 Hialeah,Florida,1400,2400,0.06
Urva's Bar & Grill,Fl40617904,1754156746,West 21st Place Hialeah,Florida,1400,100,0.06
Erotica Cabaret,Fl75649285,8763834279,1795 West Okeechobee Road Hialeah,Florida,1300,200,0.06
Erotica,Fl80024703,2141763518,1795 West Okeechobee Road Hialeah,Florida,1100,300,0.06
Miami Watersports Girls,Fl44007048,3981696719,Hialeah,Florida,1200,200,0.06
Olive Garden Italian Restaurant,Fl81323487,3388985762,1 1350 West 49th Street Hialeah,Florida,1400,300,0.06
LongHorn Steakhouse,Fl28182699,6983744493,1360 West 49th Street Hialeah,Florida,1200,2300,0.06
Cin Cin,Ne92113204,5174240720,345 N Virginia St Reno,Nevada,1200,300,0.11
Roxy,Ne83833579,4712300225,345 North Virginia Street Reno,Nevada,1200,200,0.11
NoVi,Ne40866381,1448664900,345 North Virginia Street Reno,Nevada,1300,2400,0.11
Sushi Sake,Ne42091231,0231871678,345 North Virginia Street Reno,Nevada,1400,2400,0.11
The Brew Brothers,Ne73503176,6393087514,345 North Virginia Street Reno,Nevada,1000,300,0.11
Rum Bullions Island Bar,Ne99381802,1049253628,407 North Virginia Street Reno,Nevada,1400,200,0.11
Aura Ultra Lounge,Ne82926354,2164803003,407 North Virginia Street Reno,Nevada,1000,300,0.11
Shooters Saloon,Ne11757560,6908365541,434 North Virginia Street Reno,Nevada,1200,2300,0.11
Pin Up Pub,Ne55647034,0345605781,300 North Center Street Reno,Nevada,1200,2300,0.11
Silver Baron Lounge,Ne26883258,2719648215,407 North Virginia Street Reno,Nevada,1200,2300,0.11
Virginia Street Brewhouse,Ne89312337,5222615745,211 North Virginia Street Reno,Nevada,1200,200,0.11
Davidsons Distillery,Ne89905021,3148034270,275 East 4th Street Reno,Nevada,1100,300,0.11
Doc Hollidays,Ne75071845,6118853893,120 East 2nd Street Reno,Nevada,1400,100,0.11
Thai Corner Café,Ne97704319,0415002805,100 West 2nd Street Reno,Nevada,1200,200,0.11
Karaoke Dancing,Ne51128310,4157672972,110 West 2nd Street Reno,Nevada,1100,2300,0.11
West Second Street Bar,Ne54917925,3794471199,118 West 2nd Street Reno,Nevada,1300,2400,0.11
The Library Tap House & Hookah Lounge,Ne83335078,4049679957,134 West 2nd Street Reno,Nevada,1300,2400,0.11
Reno Beer Crawl,Ne79753318,0647336759,134 West 2nd Street Reno,Nevada,1400,200,0.11
The Depot Craft Brewery Distillery,Ne45696516,8112487904,325 East 4th Street Reno,Nevada,1100,2400,0.11
Bugsy's,Ne99450480,3820954658,250 Evans Avenue Reno,Nevada,1100,100,0.11
Hanks Pub,Vi51371164,0391798501,2138 South Military Highway Chesapeake,Virginia,1400,300,0.06
Milly's,Vi27229289,4679986699,2934 South Military Highway Chesapeake,Virginia,1200,100,0.06
Daikichi Sushi Bistro,Vi02817311,4207307317,1400 North Battlefield Boulevard Chesapeake,Virginia,1400,200,0.06
Applebee's Grill + Bar,Vi06648838,7800214180,1520 Sams Circle Chesapeake,Virginia,1300,200,0.06
Texas Roadhouse,Vi06920064,4508772370,1546 Sams Circle Chesapeake,Virginia,1000,100,0.06
TGI Fridays,Vi40906764,2122951742,110 Volvo Parkway Chesapeake,Virginia,1000,200,0.06
Maxwells,Vi14466815,4667740728,109 Volvo Parkway Ste 1 Chesapeake,Virginia,1100,200,0.06
Warrior's Grill,Vi72058541,6358613966,1437 Sam's Drive #113 Chesapeake,Virginia,1100,2300,0.06
Wild Wing Cafe,Vi26101366,7895625699,1437 Sam's Drive #20 Chesapeake,Virginia,1200,2300,0.06
Mai's Restaurant Lounge,Vi44995009,3038496452,2003 Atlantic Avenue Chesapeake,Virginia,1200,2300,0.06
The Putnam’s Bar and Grill,Vi53653756,8883365084,2101 Hondo Ct Chesapeake,Virginia,1000,300,0.06
33rd Precinct,Vi09566425,3380210334,2139 Chesapeake Drive Chesapeake,Virginia,1000,300,0.06
WXYZ Lounge,Vi60922120,3240578896,1454 Crossways Boulevard Chesapeake,Virginia,1100,2400,0.06
Riff House Pub,Vi58992828,9373902058,2002 Bainbridge Boulevard Chesapeake,Virginia,1100,300,0.06
Issa Bar & Grill,Vi64478690,2069978225,1913 Victory Boulevard Portsmouth,Virginia,1100,300,0.06
Arbor Sub & Pub,Vi71293003,8005791350,3330 South Military Highway #107 Chesapeake,Virginia,1100,2400,0.06
Chilled Ponds,Vi30117280,7425978831,1416 Stephanie Way Chesapeake,Virginia,1200,2300,0.06
Chilled Ponds Ice Sports Complex,Vi69310076,3500010932,1416 Stephanie Way Chesapeake,Virginia,1100,2400,0.06
Winston's Raw Bar & Grill,Vi09297742,9068941618,1620 Cedar Road suit# 104 Chesapeake,Virginia,1300,2400,0.06
Rancho Grande 2,Vi65314481,9890320028,732 Eden Way North # A Chesapeake,Virginia,1100,200,0.06
The White Rabbit Bar,Ar41771053,4728668581,207 North Gilbert Road Gilbert,Arizona,1300,100,0.04
Champions Sports Saloon,Ar79670119,2260097683,211 North Gilbert Road Gilbert,Arizona,1100,2400,0.04
Hundred North Bar & Kitchen,Ar25726307,4397892547,100 North Gilbert Road Gilbert,Arizona,1100,2300,0.04
The Art House Gilbert,Ar88853924,3937591734,36 North Gilbert Road Gilbert,Arizona,1300,2300,0.04
Postino East,Ar28060069,4751508324,302 North Gilbert Road #102 Gilbert,Arizona,1300,100,0.04
The Brass Tap,Ar24041648,6663324069,313 North Gilbert Road Gilbert,Arizona,1000,200,0.04
Gilbert area,Ar74260724,4973301088,349 North Gilbert Road Gilbert,Arizona,1100,300,0.04
Dierks Bentley's Whiskey Row Gilbert,Ar37747886,6212234951,323 North Gilbert Road Gilbert,Arizona,1300,200,0.04
The Novelist,Ar74361443,8585388139,335 North Gilbert Road #103 Gilbert,Arizona,1200,300,0.04
Zinburger,Ar84184705,3836995216,344 North Gilbert Road Gilbert,Arizona,1200,300,0.04
Sushi Brokers,Ar95741208,1421147681,350 North Gilbert Road #101 Gilbert,Arizona,1100,2300,0.04
The Groves Bar and Grill,Ar72062421,8045637347,323 South Gilbert Road Gilbert,Arizona,1100,200,0.04
Zipps Sports Grill,Ar74687588,6627693000,211 East Warner Road #103 Gilbert,Arizona,1100,300,0.04
Offbeat and Unique - Vape Shop  CBD & Oxygen Bar - Gilbert 85296,Ar83742873,3024146801,235 East Warner Road #101 Gilbert,Arizona,1200,100,0.04
Buffalo Wild Wings,Ar62558738,5469563372,970 South Gilbert Road Gilbert,Arizona,1300,200,0.04
Spirit Bar,Ar54753283,4453658374,West Bayshore Drive Gilbert,Arizona,1100,2400,0.04
Bowlero Gilbert,Ar78464838,4338022548,1160 South Gilbert Road Gilbert,Arizona,1400,100,0.04
Applebee's Grill + Bar,Ar07973708,8059614850,2032 East Baseline Road Mesa,Arizona,1000,200,0.04
Jimmy's Gringo Grill,Ar51270199,9908508616,1455 West Elliot Road #101 Gilbert,Arizona,1400,100,0.04
Mulligan's Grill,Ar90420449,8582598367,1245 East Warner Road Gilbert,Arizona,1200,200,0.04
Herson's Private Club,Lo03732189,9777206175,3457 North Street Baton Rouge,Louisiana,1100,200,0.05
Phil Brady's Bar & Grill,Lo25864030,5493972676,4848 Government Street Baton Rouge,Louisiana,1000,200,0.05
Tri Ambient Lounge,Lo23880533,3571560889,6105 Greenwell Springs Road Baton Rouge,Louisiana,1200,2400,0.05
Soji: Modern Asian,Lo11715055,3460725200,5050 Government Street Baton Rouge,Louisiana,1000,100,0.05
Medec,Lo55194170,2542211140,426 West Ardenwood Drive Baton Rouge,Louisiana,1000,200,0.05
Louis Lounge,Lo03800040,1552548686,6347 Greenwell Springs Road Baton Rouge,Louisiana,1200,300,0.05
Enterprise Lounge,Lo82994495,3240991044,1024 North 29th Street Baton Rouge,Louisiana,1000,200,0.05
Doe's Eat Place,Lo19918571,2715187757,3723 Government Street Baton Rouge,Louisiana,1400,100,0.05
Jagg's Classic Comer,Lo80980081,7037867964,2414 North Acadian Thruway West Baton Rouge,Louisiana,1300,2300,0.05
The Radio Bar,Lo60935878,3430575775,3079 Government Street Baton Rouge,Louisiana,1200,2400,0.05
Boudreaux's,Lo56068993,7339185374,2647 Government Street Baton Rouge,Louisiana,1000,300,0.05
Dugee's Lounge LLC,Lo53296906,8007289744,1916 Dallas Drive Baton Rouge,Louisiana,1000,2400,0.05
Eclipse Bar and Lounge,Lo02963502,2021309197,3575 North Acadian Thruway Baton Rouge,Louisiana,1300,300,0.05
DOOBIE Bail Bonding 225-371-4784,Lo79015800,8965322632,2501 Scenic Highway Baton Rouge,Louisiana,1100,2300,0.05
Old New Orleans Bar & Grill,Lo09136082,3552379315,648 Lobdell Avenue Baton Rouge,Louisiana,1300,2300,0.05
Neal's Juke Joint Showcase Room,Lo75629049,7043427489,3827 Plank Road Baton Rouge,Louisiana,1100,100,0.05
Shenanigans Social Club,Lo81253884,9831898759,3964 Plank Road Baton Rouge,Louisiana,1100,100,0.05
The R&B Cafe',Lo67097727,9723457177,3964 Plank Road Baton Rouge,Louisiana,1000,2300,0.05
Port Royal,Lo82925850,4358903257,2363 College Drive Baton Rouge,Louisiana,1400,2300,0.05
Hayride Scandal,Lo09333987,1467461544,5110 Corporate Boulevard B Baton Rouge,Louisiana,1100,2400,0.05
Villa's Brazilian Steakhouse & Grill,Te15782324,3114796868,137 South Main Street Irving,Texas,1300,2300,0.08
Big State Fountain Grill,Te57917514,7821396978,100 East Irving Boulevard Irving,Texas,1000,2300,0.08
The Anchor,Te00213521,1779151422,110 South Rogers Road Irving,Texas,1100,100,0.08
Lirios Restaurant,Te23328635,0963750311,919 East Pioneer Drive Irving,Texas,1400,2400,0.08
Sagreros Mexican Restaurant,Te77655364,7116885950,1143 East Irving Boulevard Irving,Texas,1400,100,0.08
Southern Junction Nightclub & Steakhouse,Te34511181,2243690154,101 North Rogers Road Irving,Texas,1100,300,0.08
Rincon Latino #2,Te44982851,7326982495,1111 West Airport Freeway Irving,Texas,1100,200,0.08
Tio Carlos Mexican Latin Grill,Te18054934,5163860900,2742 North O'Connor Road #104 Irving,Texas,1400,2400,0.08
Wonderful World Of Cooking Cafe,Te15568655,4174879002,1735 North Story Road #172 Irving,Texas,1400,100,0.08
Gorman Faculty Lounge,Te33723975,6743863655,Maher Irving,Texas,1200,100,0.08
El Comal Restaurant,Te53146641,0543155875,1411 North Belt Line Road Irving,Texas,1100,2400,0.08
Applebee's Grill + Bar,Te60566898,7253694857,1901 North Belt Line Road Irving,Texas,1200,100,0.08
Outback Steakhouse,Te20106475,1703377371,3510 West Airport Freeway Irving,Texas,1400,2300,0.08
Chili's Grill & Bar,Te45056227,9684394154,3421 Airport Freeway Irving,Texas,1200,2300,0.08
Bar El Urvano,Te31372594,8630282154,Barge Lane Dallas,Texas,1300,2300,0.08
Peak Restaurant & Bar,Te97588332,6189217397,3401 West Airport Freeway #110 Irving,Texas,1200,2400,0.08
Hooters,Te15902881,3273807118,2522 North Belt Line Road Irving,Texas,1000,300,0.08
Empress of China,Te95393384,1894652923,2648 North Belt Line Road Irving,Texas,1400,2300,0.08
Vape 'N Vapor Shops Irving | Vapor E Cig,Te95339434,8745155229,2910 North Belt Line Road #2910 Irving,Texas,1300,300,0.08
Via Real,Te82345503,3048380924,4020 North MacArthur Boulevard #100 Irving,Texas,1400,100,0.08
Daily Dose Old Town Bar & Grill,Ar28250805,7663944880,4020 North Scottsdale Road # 101 Scottsdale,Arizona,1000,200,0.04
Pattie's First Avenue Lounge,Ar64165086,6443795433,7220 East 1st Avenue Scottsdale,Arizona,1300,2300,0.04
Grimaldi's Pizzeria,Ar11761980,7670370030,4000 North Scottsdale Road #105 Scottsdale,Arizona,1400,300,0.04
Cien Agaves Tacos & Tequila - Old Town,Ar86851928,9649942881,7228 East 1st Avenue Scottsdale,Arizona,1300,2300,0.04
Aridus Wine Company Tasting Room,Ar93921395,3379478295,7173 East Main Street Scottsdale,Arizona,1400,2300,0.04
The Grapevine Restaurant & Karaoke Bar,Ar28095296,8298569941,4013 North Brown Avenue Scottsdale,Arizona,1100,2400,0.04
Rusty Spur Saloon,Ar32791118,6238335699,7245 East Main Street Scottsdale,Arizona,1300,200,0.04
Tommy V's Urban Kitchen & Bar,Ar56678127,8681355215,7303 East Indian School Road Scottsdale,Arizona,1100,2400,0.04
Old Town Tavern,Ar60295735,7911867569,7320 East Scottsdale Mall Scottsdale,Arizona,1400,200,0.04
Karsen's Grill,Ar72489904,2133722223,7246 East 1st Street #101 Scottsdale,Arizona,1200,200,0.04
BOOTLEGGERS MODERN AMERICAN SMOKEHOUSE,Ar39175561,1061808437,7217 East 1st Street Scottsdale,Arizona,1200,2400,0.04
RA Sushi Bar Restaurant,Ar47730865,5396831542,3815 North Scottsdale Road Scottsdale,Arizona,1000,200,0.04
Virtue Vice,Ar92492022,9704049586,Scottsdale Comedy Spot Comedy Club 7117 East 3rd Avenue Scottsdale,Arizona,1300,200,0.04
Second Story Restaurant & Liquor Bar,Ar40684980,9752549493,4166 North Scottsdale Road #102 Scottsdale,Arizona,1300,2300,0.04
The Gelato Spot,Ar12888432,2205233276,4166 North Scottsdale Road Scottsdale,Arizona,1100,2400,0.04
RnR Gastropub,Ar82659814,0225214490,3737 North Scottsdale Road Scottsdale,Arizona,1200,2300,0.04
Salty Senorita,Ar06475044,8883716240,3748 North Scottsdale Road Scottsdale,Arizona,1000,300,0.04
The Brush Bar,Ar59477770,1332471199,4165 North Craftsman Court Scottsdale,Arizona,1200,300,0.04
Bourbon & Bones,Ar83397499,2588087863,4200 North Scottsdale Road Scottsdale,Arizona,1000,2300,0.04
AZ/88,Ar91761519,5324220074,7353 East Scottsdale Mall Scottsdale,Arizona,1100,300,0.04
La Hacienda,Ne84328478,6225189660,147 Civic Center Drive North Las Vegas,Nevada,1200,2300,0.11
La Hacienda Nightclub,Ne68888547,0342998467,2015 North Daley Street North Las Vegas,Nevada,1000,2300,0.11
El Rincón Nayarita,Ne47888691,5995321197,1820 East Lake Mead Boulevard North Las Vegas,Nevada,1300,2300,0.11
El Rincon Nayarita Mexican Bar And Nightclub in Las Vegas,Ne11731921,3413430267,1820 East Lake Mead Boulevard # J North Las Vegas,Nevada,1200,200,0.11
Old School Sunday's @Caribbean Knights,Ne52747651,5539659654,2440 North Las Vegas Boulevard North Las Vegas,Nevada,1000,2400,0.11
Club 702,Ne23825778,0699155878,2442 North Las Vegas Boulevard North Las Vegas,Nevada,1100,100,0.11
Dotty's Casino,Ne68286312,9389888812,2542 North Las Vegas Boulevard North Las Vegas,Nevada,1200,200,0.11
Bighorn Casino,Ne69676256,9910965571,3016 East Lake Mead Boulevard Las Vegas,Nevada,1100,2300,0.11
Dotty's,Ne24729276,6863440066,1520 North Eastern Avenue Las Vegas,Nevada,1400,200,0.11
Palomino Club,Ne36146754,2599116457,1848 North Las Vegas Boulevard North Las Vegas,Nevada,1200,2300,0.11
Fiesta Night Club,Ne89280648,8221062317,3402 East Lake Mead Boulevard North Las Vegas,Nevada,1400,2400,0.11
Jerry's Nugget Casino,Ne43763211,5826674935,1821 North Las Vegas Boulevard North Las Vegas,Nevada,1100,300,0.11
Dylan's Cantina,Ne80024841,3246669294,3508 East Lake Mead Boulevard North Las Vegas,Nevada,1200,100,0.11
Bourbon Street,Ne17642228,8655717803,2428 East Cheyenne Avenue North Las Vegas,Nevada,1000,100,0.11
Cali's Original Grill,Ne19404217,9370616563,3216 Civic Center Drive North Las Vegas,Nevada,1400,2400,0.11
Lucy's Bar & Grill,Ne13588136,2486815333,3227 Civic Center Drive North Las Vegas,Nevada,1200,2400,0.11
Lucky Club Hotel & Casino,Ne18131633,0874520165,3227 Civic Center Drive North Las Vegas,Nevada,1200,200,0.11
Stateside Lounge,Ne86975250,6404829165,931 North Las Vegas Boulevard N Las Vegas,Nevada,1300,2400,0.11
Blue Mule Saloon,Ne00009341,2491887044,3118 North Las Vegas Boulevard Las Vegas,Nevada,1000,2300,0.11
Big League Dreams Las Vegas,Ne56828471,8206373998,3151 East Washington Avenue Las Vegas,Nevada,1000,2400,0.11
Chili's Grill & Bar,Ca10736551,4564084441,39131 Fremont Boulevard Fremont,California,1300,200,0.07
Jack's Brewing Company,Ca67521700,7067204211,39176 Argonaut Way Fremont,California,1100,2400,0.07
Smoking Pig BBQ,Ca46266649,1833387251,3340 Mowry Avenue Fremont,California,1100,2400,0.07
Red Lobster,Ca92751106,4756877507,39401 Fremont Boulevard Fremont,California,1200,300,0.07
Mission Peak Tap Alley,Ca73814693,2210036772,3111 Mowry Avenue Fremont,California,1000,2400,0.07
La Pinata,Ca62348073,4950201443,39136 Paseo Padre Parkway Fremont,California,1300,200,0.07
The Counter Fremont,Ca80820752,4169278211,Gateway Plaza 39350 Paseo Padre Parkway Fremont,California,1300,200,0.07
The Mojo Lounge,Ca99398082,3592513940,3714 Peralta Boulevard Fremont,California,1200,300,0.07
The Huddle,Ca86059278,6210410319,5152 Mowry Avenue Fremont,California,1400,200,0.07
Applebee's Grill + Bar,Ca05379599,7085883591,39139 Farwell Drive Fremont,California,1100,2300,0.07
Olive Garden Italian Restaurant,Ca77007884,9647025982,39145 Farwell Drive Fremont,California,1000,2300,0.07
VR Ventures,Ca02647036,5697862745,37010 Dusterberry Way #250 Fremont,California,1000,300,0.07
Outback Steakhouse,Ca91807606,6028810195,5525 Stevenson Boulevard Fremont,California,1000,2300,0.07
BJ's Restaurant & Brewhouse,Ca63876535,5002235814,5699 Mowry Avenue Newark,California,1400,100,0.07
Vinum Bar,Ca70252500,2018983825,2025 Newpark Mall Road Newark,California,1300,2300,0.07
Jack's Restaurant and Bar - Newark,Ca49503283,3125580644,1029 Newpark Mall Road Newark,California,1400,2300,0.07
Swiss Park,Ca90721955,4863534328,5911 Mowry Avenue Newark,California,1000,200,0.07
Nijo Castle Japanese Restaurant,Ca51128131,7504837863,39888 Balentine Drive Newark,California,1300,300,0.07
Ginger Bar & Grill,Ca32516061,1023134108,39900 Balentine Drive Newark,California,1300,2400,0.07
Coach's Sports Bar,Ca52145439,3673457141,40968 Fremont Boulevard Fremont,California,1100,2300,0.07
Spearmint Rhino Gentlemen's Club Boise,Id08893025,1463242283,1500 West Grove Street Boise,Idaho,1400,200,0.09
The HandleBar Boise,Id04043140,6158536501,1519 West Main Street Boise,Idaho,1200,100,0.09
Mouvance Winery,Id06526922,3239157889,1414 West Grove Street Boise,Idaho,1000,300,0.09
The Modern Hotel and Bar,Id45234949,2765952711,1314 West Grove Street Boise,Idaho,1300,100,0.09
Characters,Id79435558,4621155888,Boise,Idaho,1100,2300,0.09
Txikiteo,Id86195153,7185514269,1401 West Idaho Street Boise,Idaho,1400,300,0.09
Doc's Lodge,Id11255923,9819565650,1108 West Front Street Boise,Idaho,1100,100,0.09
Owyhee Tavern - Steak and Seafood Restaurant,Id68384232,8385982409,1109 Main Street Boise,Idaho,1100,200,0.09
Pre Funk Beer Bar,Id67257624,0607358580,1100 West Front Street Boise,Idaho,1400,2300,0.09
Payette Brewing Company,Id70148522,1284256411,733 South Pioneer Street Boise,Idaho,1200,2300,0.09
The Atlas Bar,Id71316816,6803908801,108 South 11th Street Boise,Idaho,1100,2400,0.09
Neurolux,Id16380150,8831438233,111 North 11th Street Boise,Idaho,1300,2400,0.09
Barbarian Brewing Downtown Tap Room,Id55987267,8995507233,1022 West Main Street Boise,Idaho,1200,2300,0.09
Gil's K-Nine Bar,Id64288572,0421326575,2506 West Main Street Boise,Idaho,1300,300,0.09
The Olympic Venue,Id04624962,0736152441,1009 West Main Street Boise,Idaho,1000,2400,0.09
Mulligans' Pub & Eatery,Id45576043,1752698925,1009 W Main Boise,Idaho,1000,200,0.09
Asiago's,Id52469595,2040547952,1002 Main Street Boise,Idaho,1100,300,0.09
Chandlers Steakhouse-Boise,Id38776423,4617198920,981 West Grove Street Boise,Idaho,1000,100,0.09
10th Street Station,Id38520999,0068066837,104 North 10th Street Boise,Idaho,1000,2400,0.09
Lock Stock & Barrel,Id52821022,9132970417,1100 West Jefferson Street Boise,Idaho,1200,200,0.09
La Grotta Ristorante,Vi26668804,2752649819,529 East Broad Street Richmond,Virginia,1300,300,0.06
Greenleaf's Pool Room,Vi30623878,8770834826,100 North 6th Street Richmond,Virginia,1200,2400,0.06
Kabana Rooftop,Vi52623086,3052394783,700 East Main Street Richmond,Virginia,1300,200,0.06
Passport Pop Up,Vi99950325,0031331085,700 East Main Street Richmond,Virginia,1000,200,0.06
Thirst and Fifth Bar,Vi74368583,3123002983,501 East Broad Street Richmond,Virginia,1200,200,0.06
Belle,Vi22301263,2912056747,700 East Main Street Richmond,Virginia,1100,100,0.06
Capital Ale House Richmond,Vi92954865,4077738085,623 East Main Street Richmond,Virginia,1300,2400,0.06
Julep's,Vi37386487,9473112938,420 East Grace Street Richmond,Virginia,1300,2400,0.06
Penny Lane Pub,Vi22563444,0376888056,421 East Franklin Street Richmond,Virginia,1400,300,0.06
Cafe Rustika,Vi32133113,3662498312,414 East Main Street Richmond,Virginia,1400,100,0.06
First hotel,Vi37948944,4802985580,1015 East Clay Street Richmond,Virginia,1000,100,0.06
Synergy,Vi98690183,9235223697,11 South 12th Street Richmond,Virginia,1300,2400,0.06
J KOGI,Vi83542827,0486903692,325 North 2nd Street Richmond,Virginia,1000,100,0.06
Cary 100 Restaurant,Vi29308226,6319783371,100 East Cary Street Richmond,Virginia,1400,100,0.06
Barcode,Vi76071043,8564061926,6 East Grace Street Richmond,Virginia,1400,300,0.06
The Speakeasy Grill,Vi58393211,1192557955,526 North 2nd Street Richmond,Virginia,1200,300,0.06
Chez Foushee,Vi61041748,0515785180,2 East Grace Street Richmond,Virginia,1200,300,0.06
Siné Irish Pub,Vi31422039,7056421638,1327 East Cary Street Richmond,Virginia,1000,300,0.06
Casa del Barco at Canal Walk,Vi50545524,3766572915,320 South 12th Street Richmond,Virginia,1400,2300,0.06
Jackson's Beer Garden & Smokehouse,Vi96587503,0516612830,538 North 2nd Street Richmond,Virginia,1200,2400,0.06
Molly's Cafe,Ca39227859,3881096372,350 North D Street San Bernardino,California,1000,2300,0.07
El Palacio (The Palace) Nightclub,Ca57288148,4362454610,345 West 7th Street San Bernardino,California,1300,2300,0.07
Chichi Bar,Ca21327320,5550369486,748 North E Street San Bernardino,California,1300,200,0.07
The Office Lounge,Ca11905565,9518242821,123 North E Street San Bernardino,California,1000,200,0.07
Las Conchitas Restaurant,Ca96342832,8979348518,168 South E Street San Bernardino,California,1100,100,0.07
Brandin' Iron,Ca29179781,0951485938,320 South E Street San Bernardino,California,1100,200,0.07
El Farallon Bar,Ca55772510,5664977371,1227 North Sierra Way San Bernardino,California,1000,2400,0.07
Pepes NightClub,Ca37903293,2605457040,San Bernardino,California,1400,300,0.07
El Agave Bar,Ca31035149,2924542277,149 North Mount Vernon Avenue San Bernardino,California,1100,2300,0.07
NOS Martin A. Matich Sports Center,Ca65909983,9342370977,930 South Arrowhead Avenue San Bernardino,California,1000,100,0.07
Elgin & Fagan,Ca61499054,7820905155,336 West Highland Avenue San Bernardino,California,1200,300,0.07
AMF Arrowhead Lanes,Ca46663716,9280828077,299 West Orange Show Road San Bernardino,California,1000,200,0.07
Marquis Lounge,Ca70160253,6615187050,1036 West Highland Avenue San Bernardino,California,1100,2400,0.07
Social Lites Inc,Ca81780833,5398625457,1827 West 7th Street San Bernardino,California,1000,2400,0.07
Sacramento Ca. American Legion,Ca03473029,9018961234,Colton,California,1300,200,0.07
La Veranda Restaurant,Ca83547562,2009734506,1296 North Mount Vernon Avenue Colton,California,1300,2400,0.07
LU Lu's Hideout,Ca82217007,2299140847,1958 West Rialto Avenue San Bernardino,California,1200,2400,0.07
BNSF Rana Signal,Ca51487498,7948353046,Colton,California,1100,100,0.07
Pillos Bar,Ca65978651,6581375253,Virginia Avenue Colton,California,1200,2400,0.07