Alley Cat Amateur Theatre,Ne06406098,1070413770,10 Theatre Alley New York,New York,1200,2400,0.02
Shump Palace,Ne12244069,6313118205,Murray Street New York,New York,1100,200,0.02
Temple Court,Ne42028238,0506991463,5 Beekman Street between Nassau Street New York,New York,1100,2300,0.02
Manhattan Proper,Ne06587680,0447382239,6 Murray Street New York,New York,1300,100,0.02
Copper Barrel,Ne29867431,4926126754,6 Murray Street #1 New York,New York,1300,2300,0.02
Five & Dime,Ne67945136,5066944712,8 Park Place New York,New York,1300,300,0.02
The Bar Room,Ne13371814,8077134428,5 Beekman Street New York,New York,1000,300,0.02
The Wooly Public,Ne88008272,8418568203,9 Barclay Street New York,New York,1400,300,0.02
The Beekman Pub,Ne86370894,7268560399,15 Beekman Street New York,New York,1300,2300,0.02
Dark Horse,Ne15393604,6212319085,17 Murray Street New York,New York,1100,200,0.02
Lilly O'Brien's,Ne95439247,6089523350,18 Murray Street New York,New York,1000,300,0.02
Maxwell's,Ne31253931,5158880862,59 Reade Street New York,New York,1100,100,0.02
Nassau Bar,Ne26528763,6065947339,118 Nassau Street New York,New York,1300,300,0.02
Racines NY,Ne79894854,1659687597,94 Chambers Street New York,New York,1100,100,0.02
Barleycorn,Ne27715664,4693438058,23 Park Place New York,New York,1400,200,0.02
The barber soho new york,Ne11860979,9424853777,68 Thompson Street New York,New York,1100,100,0.02
Recreation,Ne32458665,3597028232,26 Ann Street New York,New York,1400,300,0.02
W XYZ Bar and Lounge at Aloft Manhattan Downtown,Ne71707908,4016427290,49-53 Ann Street New York,New York,1200,2400,0.02
Gianfranco Trentarossi,Ne24021935,9273856862,New York,New York,1200,2400,0.02
Rosa Mexicano,Ne70067682,9806096762,41 Murray Street New York,New York,1300,100,0.02
Gallera Los Angeles,Ca78038678,8274017920,Ciudadela Los Angeles,California,1100,200,0.07
Hummus bar and grill,Ca90641463,7384923220,101 South Main Street Los Angeles,California,1300,300,0.07
The Edison,Ca25748439,0199850408,108 West 2nd Street #101 Los Angeles,California,1200,2300,0.07
Justice Urban Tavern,Ca18490324,6310564283,120 South Los Angeles Street Los Angeles,California,1000,2400,0.07
Kushi Shabu Restaurant,Ca52671535,7887950668,123 Astronaut E S Onizuka #305 Los Angeles,California,1100,100,0.07
The New Jalisco Bar,Ca20239090,0075983879,245 South Main Street Los Angeles,California,1200,300,0.07
bluewhale,Ca04969592,9777976259,123 Astronaut Ellison S Onizuka Street #301 Los Angeles,California,1200,100,0.07
Five Star Bar,Ca43247668,8208000164,267 South Main Street Los Angeles,California,1300,200,0.07
La Costena Bar,Ca79855257,1197955977,271 South Main Street Los Angeles,California,1100,100,0.07
The Redwood Bar & Grill,Ca01156136,8735903032,316 West 2nd Street Los Angeles,California,1200,2400,0.07
Birds & Bees,Ca18427089,7730379678,207 South Broadway B Basement Los Angeles,California,1300,2400,0.07
Nirvana Sports Bar & Grill,Ca12856745,0607740534,314 East 1st Street Los Angeles,California,1200,2300,0.07
Mitsuru Sushi & Grill,Ca40630198,0927929652,316 East 1st Street Los Angeles,California,1400,100,0.07
The Lexington,Ca29633508,1614097106,129 East 3rd Street Los Angeles,California,1300,200,0.07
The Crossing,Ca14905352,2108364778,200 South Hill Street Los Angeles,California,1100,2300,0.07
Tokyo Beat,Ca38998238,2774004049,319 East 2nd Street #205 Los Angeles,California,1200,2400,0.07
Ohjah Lounge,Ca12390599,2271667858,328 East 1st Street Los Angeles,California,1300,200,0.07
Baldoria,Ca10802829,7019261513,243 San Pedro Street Los Angeles,California,1400,300,0.07
Far Bar,Ca41766766,1471043677,347 East 1st Street Los Angeles,California,1000,200,0.07
Tot,Ca21088314,6261079704,345 East 2nd Street Los Angeles,California,1300,2400,0.07
Kitty O'Sheas,Il21988244,0698534074,Chicago,Illinois,1300,2400,0.1
Union League Club,Il23683778,1151356123,65 West Jackson Boulevard Chicago,Illinois,1100,300,0.1
Brando's Speakeasy,Il72766381,9225990634,343 South Dearborn Street Chicago,Illinois,1200,300,0.1
Plymouth Restaurant & Rooftop Bar,Il95307117,3831335270,327 South Plymouth Court Chicago,Illinois,1200,2300,0.1
The Marq,Il55452872,5753777858,60 West Adams Street Chicago,Illinois,1400,200,0.1
Elephant & Castle,Il59013106,3769196763,111 West Adams Street Chicago,Illinois,1400,300,0.1
Sky-Ride Cocktail Lounge,Il02044360,8517262372,105 West Van Buren Street Chicago,Illinois,1100,100,0.1
Antique Taco Chiquito,Il77840707,8129262150,125 S Clark St Chicago,Illinois,1100,2400,0.1
Jack Schwartz Importer,Il55548497,0112398975,141 West Jackson Boulevard Chicago,Illinois,1200,100,0.1
Revival Food Hall,Il91531084,1542442489,125 South Clark Street Chicago,Illinois,1100,200,0.1
REFUGE Live!,Il82549704,0319188219,416 South Clark Street Chicago,Illinois,1100,300,0.1
Dickie's Pub,Il93011932,6945470623,400 South LaSalle Street Chicago,Illinois,1000,300,0.1
The Bar Below in Chicago,Il07702341,4226922976,Lower level 127 South State Street Chicago,Illinois,1200,2400,0.1
Barcode Discount,Il45774513,4726045708,218 South Wabash Avenue # 5 Chicago,Illinois,1000,100,0.1
The Grillroom Chophouse & Wine Bar,Il82959587,4522173587,33 West Monroe Street Chicago,Illinois,1100,2400,0.1
Beef and Brandy,Il18945649,5257086800,127 South State Street Chicago,Illinois,1400,2400,0.1
Exchequer Restaurant & Pub,Il45684993,0280404319,226 South Wabash Avenue Chicago,Illinois,1300,100,0.1
QDOBA Mexican Eats,Il57664937,1705707602,175 West Jackson Boulevard Ste 103 Chicago,Illinois,1200,2400,0.1
AraOn Restaurant,Il50196350,9342402037,160 West Adams Street Chicago,Illinois,1100,300,0.1
2Twenty2 Tavern,Il43328384,1378401146,2303 222 South Wabash Avenue Chicago,Illinois,1000,200,0.1
Blue by Massa's,Te67743729,3978784895,1160 Smith Street Houston,Texas,1000,200,0.08
The Wine Cellar Houston,Te48639608,9349590539,540 Texas Street Ste B Houston,Texas,1300,100,0.08
The Blue Fish Bayou Place,Te61840016,8281235764,550 Texas Street Houston,Texas,1200,2400,0.08
Hard Rock Cafe,Te02026498,4127128542,502 Texas Street Houston,Texas,1100,300,0.08
Little Napoli Italian Cuisine,Te98087821,5703126164,little napoli italian cuisine 540 Texas Street Houston,Texas,1400,200,0.08
Shula's Steak House,Te68471969,5009473394,1200 Louisiana Street Houston,Texas,1100,2300,0.08
Russo's New York Pizzeria,Te97936523,8075965835,604 Polk Street Houston,Texas,1400,200,0.08
Aquarium Restaurant,Te48445429,2431469020,410 Bagby Street Houston,Texas,1300,2400,0.08
Cultivated F+B,Te68576750,6251980931,701 Texas Street Houston,Texas,1100,2400,0.08
Maggie Rita's,Te94142919,6631640026,600 Travis Street B1 Houston,Texas,1000,100,0.08
Main Kitchen,Te90786321,4736194235,806 Main street Houston,Texas,1400,200,0.08
St. Jac's,Te66740264,5445715402,712 Main street Houston,Texas,1000,300,0.08
Swallow's Nest,Te53929342,9849709635,712 Main street Houston,Texas,1300,300,0.08
Sunny's,Te96502426,1235857749,902 Capitol Street Houston,Texas,1200,200,0.08
Cellar 7 Wine & Bar Bites,Te07259538,2002398014,610 Main street ste a Houston,Texas,1300,100,0.08
South Bank Seafood Bar,Te04224534,6439498441,702 West Dallas Street Houston,Texas,1000,200,0.08
Sambuca,Te54443078,3194059347,909 Texas Avenue Houston,Texas,1200,2300,0.08
Lawless Spirits & Kitchen,Te63390198,9187089103,909 Texas Street #2a Houston,Texas,1000,200,0.08
Azuma Downtown,Te28688509,1991111797,909 Texas Street Houston,Texas,1400,200,0.08
Hpou Union Hall,Te51006778,9235932098,1602 State Street Houston,Texas,1200,2400,0.08
Rothman Institute Cabin,Pe61531781,6236409655,Philadelphia,Pennsylvania,1400,2300,0.04
The American Pub,Pe80852734,3947491111,Centre Square Building Concourse 1500 Market Street Philadelphia,Pennsylvania,1400,200,0.04
McCormick & Schmick's Seafood & Steaks,Pe86422335,3777281601,1 South Broad Street Philadelphia,Pennsylvania,1200,300,0.04
Rothman Cabin,Pe12733374,0810316412,1401 John F Kennedy Boulevard Philadelphia,Pennsylvania,1400,200,0.04
Giovani's Bar & Grill,Pe91928824,2247941235,1533 Chestnut Street Philadelphia,Pennsylvania,1200,200,0.04
Del Frisco's Double Eagle Steakhouse,Pe31585714,6407585186,1426-1428 Chestnut Street Philadelphia,Pennsylvania,1100,200,0.04
R2L Restaurant,Pe52386361,1712013017,50 South 16th Street 37th floor Philadelphia,Pennsylvania,1100,2300,0.04
Bluestone Lane,Pe93038965,0919988184,1 South Penn Square Philadelphia,Pennsylvania,1300,2400,0.04
Tir na nOg Irish Bar & Grill,Pe76726067,2651701033,1600 Arch Street Philadelphia,Pennsylvania,1100,300,0.04
Parkside Beef & Ale,Pe50383922,5156759135,1433 Arch Street Philadelphia,Pennsylvania,1200,100,0.04
The Capital Grille,Pe50056137,4349770127,1338-46 Chestnut Street Philadelphia,Pennsylvania,1400,200,0.04
Chris' Jazz Cafe,Pe67408280,6863434052,1421 Sansom Street Philadelphia,Pennsylvania,1000,2300,0.04
Underground Arts,Pe88532904,8793234658,111 Pennsylvania 611 Philadelphia,Pennsylvania,1200,300,0.04
Harp & Crown,Pe91506376,9941823877,1525 Sansom Street Philadelphia,Pennsylvania,1000,200,0.04
Rumor,Pe85457672,1909177840,1500 Sansom Street Philadelphia,Pennsylvania,1400,100,0.04
1500 Lounge,Pe46142016,5544451176,1500 Sansom Street Philadelphia,Pennsylvania,1400,2300,0.04
Ocean Prime,Pe50846447,7076422439,124 South 15th Street Philadelphia,Pennsylvania,1100,300,0.04
Oyster House,Pe54639545,2306857389,1516 Sansom Street Philadelphia,Pennsylvania,1100,100,0.04
Ladder 15,Pe34003553,1175550428,1528 Sansom Street Philadelphia,Pennsylvania,1000,300,0.04
Oscar's Tavern,Pe03488456,2221882199,1524 Sansom Street Philadelphia,Pennsylvania,1300,2300,0.04
Gypsy Bar,Ar54593490,9172093344,50 West Jefferson Street Phoenix,Arizona,1000,2400,0.04
Blue Hound Kitchen & Cocktails,Ar12192655,7885056739,2 East Jefferson Street Phoenix,Arizona,1400,2400,0.04
Chico Malo,Ar03213278,4380291657,50 West Jefferson Street Phoenix,Arizona,1400,2400,0.04
Copper Blues Rock Pub & Kitchen,Ar31696487,0182334645,50 West Jefferson Street Phoenix,Arizona,1200,2400,0.04
Taggia,Ar29628426,4961233460,2 East Jefferson Street Phoenix,Arizona,1100,300,0.04
Ant Tart,Ar59143655,2678360611,Phoenix,Arizona,1200,100,0.04
Above the Top Shelf,Ar49464116,4114594696,11 South Central Avenue #2001 Phoenix,Arizona,1000,100,0.04
Lucky Strike Phoenix,Ar23802278,1638304627,50 West Jefferson Street #240 Phoenix,Arizona,1000,200,0.04
Hanny's,Ar00903761,4383600593,40 North 1st Street Phoenix,Arizona,1100,2400,0.04
Lustre Rooftop Bar,Ar31857632,7020469743,2 East Jefferson Street Phoenix,Arizona,1400,200,0.04
Melindas Alley,Ar47469443,3088994511,Renaissance 50 East Adams Street Phoenix,Arizona,1100,2300,0.04
The Strand,Ar44156915,6074040241,2 East Jefferson Street Phoenix,Arizona,1200,2300,0.04
Melindas Speakeasy Red Light,Ar17788909,1675284385,50 East Adams Street Phoenix,Arizona,1300,100,0.04
Bitter & Twisted Cocktail Parlour,Ar17398586,6272446429,1 West Jefferson Street Phoenix,Arizona,1000,200,0.04
The Arrogant Butcher,Ar72939392,8245424115,2 East Jefferson Street #150 Phoenix,Arizona,1300,2300,0.04
Tilted Kilt Pub and Eatery,Ar40734687,8454800089,2 East Jefferson Street #22-217 Phoenix,Arizona,1300,200,0.04
The Kettle Black Kitchen & Pub,Ar86674289,0965706371,1 North 1st Street Phoenix,Arizona,1300,300,0.04
Deli Tavern,Ar70223261,9389468389,130 North Central Avenue Phoenix,Arizona,1300,200,0.04
Union Market,Ar15310102,1984307320,US Bank Tower 101 North 1st Avenue Phoenix,Arizona,1400,2400,0.04
Society Workspace,Ar91226559,5613819400,101 North 1st Avenue Ste 3100 Phoenix,Arizona,1300,2400,0.04
The Bar,Te97282384,3947153766,100 Villita Street San Antonio,Texas,1200,2300,0.08
The Roosevelt Buffet,Te96037357,7659550763,119 South Flores Street San Antonio,Texas,1300,2300,0.08
Biga on the Banks,Te09933082,8979314868,203 South Saint Mary's Street San Antonio,Texas,1000,300,0.08
The Esquire Tavern,Te70951392,6980380427,155 East Commerce Street San Antonio,Texas,1400,300,0.08
Tejano bar,Te69589039,9596337857,212 South Flores Street San Antonio,Texas,1000,200,0.08
Reyes Bar,Te55409766,4295049537,113 North Flores Street San Antonio,Texas,1200,2400,0.08
Downstairs,Te00770739,5149011829,155 East Commerce Street San Antonio,Texas,1400,300,0.08
Cadillac Bar,Te61592923,2802420406,212 South Flores Street San Antonio,Texas,1100,100,0.08
Thirsty Aztec,Te58950273,3778307146,200 River Walk Street San Antonio,Texas,1400,300,0.08
The Aztec Theatre,Te63625474,3260793146,280 West Crockett Street San Antonio,Texas,1100,300,0.08
Iron Cactus Mexican Restaurant and Margarita Bar,Te67783415,8439164822,200 River Walk Street #100 San Antonio,Texas,1200,100,0.08
Zocca Cuisine D’Italia,Te18951135,8482005008,420 West Market Street San Antonio,Texas,1400,300,0.08
River Tours San Antonio,Te91596220,1051700524,1125-1119 River Walk San Antonio,Texas,1300,200,0.08
VBar,Te61539328,9921430368,150 East Houston Street San Antonio,Texas,1200,2400,0.08
Ostra Restaurant,Te55751054,7999770382,212 West Crockett Street San Antonio,Texas,1100,300,0.08
SoHo Wine & Martini Bar,Te93416967,3274050021,214 West Crockett Street San Antonio,Texas,1200,300,0.08
Las Canarias,Te53972651,0019345292,112 College Street San Antonio,Texas,1400,200,0.08
El Colegio,Te50133194,6861349479,112 College Street San Antonio,Texas,1300,100,0.08
El Nuevo Tenampa,Te20452902,8294604721,244 West Houston Street San Antonio,Texas,1200,2400,0.08
Waxy's,Te82100974,7035653584,234 River Walk Street San Antonio,Texas,1300,300,0.08
Gaslamp Fish House,Ca97332229,2968295136,411 Broadway San Diego,California,1000,2400,0.07
Spike Africa's Fresh Fish Grill & Bar,Ca59522029,4674095172,411 Broadway San Diego,California,1300,300,0.07
Rendezvous,Ca32155961,6744687417,326 Broadway San Diego,California,1100,200,0.07
Rei Do Gado Brazilian Steakhouse,Ca45426937,7368550522,939 Fourth Avenue San Diego,California,1100,300,0.07
Urban India,Ca63920169,8202009326,1041 Fourth Avenue San Diego,California,1200,300,0.07
Grant Grill Lounge,Ca95381288,6814998416,326 Broadway San Diego,California,1200,2400,0.07
Bassmnt San Diego,Ca96566419,9200717984,919 Fourth Avenue suite 100 San Diego,California,1400,2400,0.07
Phantom Lounge and Nightclub,Ca41388096,3062826254,1014 Fifth Avenue #140 San Diego,California,1000,100,0.07
The Local Eatery & Drinking Hole,Ca68441509,0887631589,1065 Fourth Avenue San Diego,California,1300,200,0.07
Resident Brewing,Ca69459772,6028889822,1065 Fourth Avenue San Diego,California,1000,100,0.07
Downtown Fish Joint,Ca93727676,9600081155,407 C Street San Diego,California,1000,200,0.07
Full Moon SD,Ca48034729,2488922451,926 Fifth Avenue San Diego,California,1000,100,0.07
Osetra Seafood & Steaks,Ca82384795,4137435646,904 Fifth Avenue San Diego,California,1400,200,0.07
Curadero,Ca74390814,3818096200,5101 1047 Fifth Avenue #100 San Diego,California,1200,200,0.07
Level Four Pool Deck & Lounge,Ca29210353,6635258177,1047 Fifth Avenue #101 San Diego,California,1000,100,0.07
Lager Tap House,Ca56273696,8293541381,755 Broadway Circle San Diego,California,1300,300,0.07
Ogawashi,Ca24721081,5643558770,1100 Fifth Avenue San Diego,California,1400,2300,0.07
The Melting Pot,Ca28747114,9720742949,901 5th Ave San Diego,California,1200,200,0.07
Vin de Syrah,Ca17139700,3527408553,901 Fifth Avenue San Diego,California,1000,300,0.07
Star Club,Ca39187427,8344380707,423 E Street San Diego,California,1200,2300,0.07
Silverado Night Club,Te87186782,3200267172,1502 Marilla Street Dallas,Texas,1200,300,0.08
Eloy Bar PMU Dallas,Te43511038,9397458908,1710 Jackson Street Dallas,Texas,1200,300,0.08
WXYZ Bar,Te98222033,9122449845,1033 Young Street Dallas,Texas,1000,2300,0.08
City Hall Bistro,Te73606808,9188985822,1321 Commerce Street Dallas,Texas,1100,300,0.08
Harwood Tavern Sports Bar - The Best Patio In Downtown Dallas,Te25357588,4340996194,333 South Harwood Street Dallas,Texas,1000,100,0.08
District,Te70246983,7744781345,1520 Main Street Dallas,Texas,1300,2300,0.08
Midnight Rambler,Te19118362,6460062161,1530 Main Street Dallas,Texas,1000,2300,0.08
CBD Provisions,Te31976918,5658157698,1530 Main Street Dallas,Texas,1200,300,0.08
Iron Cactus Mexican Restaurant and Margarita Bar,Te76894914,9610499922,1520 Main Street Dallas,Texas,1100,200,0.08
Waterproof,Te53252542,5982352312,1914 Commerce Street Dallas,Texas,1200,100,0.08
One Eyed Penguin,Te10550118,0767196310,1404 1/2 Main St Dallas,Texas,1000,2400,0.08
City Tavern,Te40589736,7895054448,1402 Main Street Dallas,Texas,1300,2400,0.08
The Mitchell,Te30621937,2527449587,1404 Main Street Dallas,Texas,1300,2400,0.08
Bourbon & Banter,Te01966747,2733745488,1914 Commerce Street Dallas,Texas,1300,200,0.08
The Crafty Irishman Public House,Te69832684,0841126375,1800 Main Street Dallas,Texas,1300,2300,0.08
Press Box Grill,Te92808288,0084838793,1623 Main Street Suite 101 Dallas,Texas,1200,200,0.08
Wild Salsa,Te49754577,7964684383,1800 Main Street Dallas,Texas,1300,200,0.08
The Woolworth,Te95301651,5708451959,1520 Elm Street #201 Dallas,Texas,1300,100,0.08
Green Door Public House,Te30209758,7450284172,600 South Harwood Street Dallas,Texas,1400,300,0.08
Ravenna-Italian Grille & Bar,Te61934812,7072938421,115 South Field Street Dallas,Texas,1300,300,0.08
4th St Pizza Co,Ca15053198,8287136555,150 East Santa Clara Street San Jose,California,1300,100,0.07
Liquid,Ca15289703,8935983324,32 South 3rd Street San Jose,California,1000,2300,0.07
Flames Eatery & Bar,Ca48715134,2370839216,88 South 4th Street San Jose,California,1100,2400,0.07
ENSO Bar & Nightclub,Ca10623200,5515938073,97 East Santa Clara Street San Jose,California,1400,300,0.07
SmokeEaters Hot Wings,Ca13605922,5207929362,29 South 3rd Street San Jose,California,1100,200,0.07
ISO Beers Beer Bar & Bottle Shop,Ca37727302,2384616354,75 East Santa Clara Street #120 San Jose,California,1200,300,0.07
Dive Bar,Ca88991437,9530446511,78 East Santa Clara Street San Jose,California,1200,2400,0.07
Chacho's,Ca03334222,0825401215,87 East San Fernando Street San Jose,California,1000,300,0.07
San Patricios,Ca67831505,3756808896,81 East San Fernando Street San Jose,California,1100,100,0.07
Tangerine Hookah Bar,Ca62361248,4694667569,30 Fountain Alley San Jose,California,1400,300,0.07
Loft Bar & Bistro,Ca47628051,6810954485,90 South 2nd Street San Jose,California,1200,2300,0.07
The Cinebar,Ca87690407,4863098899,69 East San Fernando Street San Jose,California,1400,200,0.07
M Asian Fusion Restaurant,Ca64232471,6710140281,98 South 2nd Street San Jose,California,1200,200,0.07
San Jose Bar & Grill,Ca50234463,9612676241,85 South 2nd Street San Jose,California,1000,100,0.07
Tres Gringos Cabo Cantina,Ca38361645,9792309957,83 South 2nd Street San Jose,California,1200,100,0.07
Bar Safe Interactive,Ca54542210,0476540522,2 North 1st Street San Jose,California,1400,300,0.07
40 Thieves Hookah Lounge San Jose,Ca11121501,2376934067,18 North 1st Street San Jose,California,1300,2300,0.07
Cloudz Hookah Lounge,Ca83144584,9218565913,398 East Santa Clara Street San Jose,California,1200,2400,0.07
Fuz Bar & Grill,Ca63456083,8094367049,58 South 1st Street San Jose,California,1300,100,0.07
Nomikai,Ca68319281,6661827518,48 South 1st Street San Jose,California,1100,2400,0.07
Knife and fork,Te31196592,5525639500,Austin,Texas,1400,200,0.08
Shiner's Saloon,Te22351553,6906152168,422 Congress Avenue D Austin,Texas,1300,300,0.08
Speakeasy,Te17439568,8042227349,412 Congress Avenue D Austin,Texas,1200,100,0.08
Terrace59,Te26905097,0542866949,Kreisle Building 412 Congress Avenue Austin,Texas,1400,2400,0.08
BaseCamp,Te90745098,7133712904,120 West 5th Street Austin,Texas,1300,2400,0.08
Summit Austin,Te29576806,1456778585,120 West 5th Street Austin,Texas,1300,2300,0.08
Floppy Disk Repair Co.,Te33053667,6472696284,119 East 5th Street Austin,Texas,1100,300,0.08
Chinatown Downtown,Te17800438,2746982595,107 West 5th Street Austin,Texas,1300,300,0.08
HandleBar,Te23854406,0136888645,121 East 5th Street Austin,Texas,1300,200,0.08
Paragon Central Hotel & Sky Bar,Te47723355,9326821437,144 West 6th Street Austin,Texas,1400,100,0.08
Garage,Te33435338,7221235514,503 Colorado Street Austin,Texas,1100,300,0.08
Frank,Te63554677,1672662072,2918 407 Colorado Street Austin,Texas,1400,2300,0.08
1886 Cafe & Bakery,Te18251179,9645443443,604 Brazos Street Austin,Texas,1300,2300,0.08
The Good Life Bar Bar,Te63117230,6428653684,201 East 5th Street Unit 100-B Austin,Texas,1400,100,0.08
The Capital Grille,Te48297132,3624848533,117 West 4th Street Austin,Texas,1300,100,0.08
Manuel's,Te48620582,4494507640,310 Congress Avenue Austin,Texas,1200,300,0.08
Swift's Attic,Te50576232,7386520377,315 Congress Avenue Austin,Texas,1400,200,0.08
Parker Jazz Club,Te24003999,4249921530,117 West 4th Street #107B Austin,Texas,1200,300,0.08
Elephant Room,Te34514654,9691204286,315 Congress Avenue Austin,Texas,1100,2400,0.08
Highland Lounge,Te12385936,9662098015,404 Colorado Street Austin,Texas,1100,2300,0.08
Nicky Blaine's Cocktail Lounge,In44002633,7429893498,20 North Meridian Street Indianapolis,Indiana,1000,300,0.04
QDOBA Mexican Eats,In55434400,1061232807,9 North Meridian Street Ste A Indianapolis,Indiana,1200,100,0.04
Rock Bottom Restaurant & Brewery,In92934411,1199029540,10 West Washington Street Indianapolis,Indiana,1400,2400,0.04
The Capital Grille,In21661388,0088107000,40 West Washington Street Indianapolis,Indiana,1000,100,0.04
Winner’s Circle Pub  Grille & OTB,In77043180,1895701780,20 North Pennsylvania Street Indianapolis,Indiana,1000,300,0.04
Tastings - A Wine Experience,In54333026,8573315270,50 West Washington Street Indianapolis,Indiana,1200,200,0.04
Buffalo Wild Wings,In45770371,0903602202,7 East Washington Street Indianapolis,Indiana,1000,100,0.04
McCormick & Schmick's Seafood & Steaks,In97273860,4184359272,110 North Illinois Street Indianapolis,Indiana,1200,2300,0.04
Champps,In08985538,4194682820,49 West Maryland Street Indianapolis,Indiana,1300,2300,0.04
120 West,In98448417,6040062179,120 West Market Street Indianapolis,Indiana,1300,2300,0.04
Weber Grill Restaurant,In26583933,6710802183,10 North Illinois Street Indianapolis,Indiana,1400,2400,0.04
Napolese,In67386736,9748623834,30 South Meridian Street Indianapolis,Indiana,1300,300,0.04
Kelly's Cajun Grill,In89710048,2548362264,49 West Maryland Street Indianapolis,Indiana,1200,2300,0.04
Granite City Food & Brewery,In87546264,7421906547,49 West Maryland Street Indianapolis,Indiana,1400,2300,0.04
Pearl Street Pizzeria & Pub,In53352741,0634401755,65 East Pearl Street Indianapolis,Indiana,1000,2300,0.04
ICON Lounge,In34398147,7949702123,148 East Market Street Indianapolis,Indiana,1000,2300,0.04
Coaches Tavern,In38576225,5810878766,28 South Pennsylvania Street Indianapolis,Indiana,1400,200,0.04
Hard Rock Cafe,In54980446,2083219199,49 South Meridian Street Indianapolis,Indiana,1000,200,0.04
O'Reilly's Irish Bar,In60453933,7289379147,36 South Pennsylvania Street Indianapolis,Indiana,1400,2400,0.04
Rebar Indy,In15265846,0267167329,20 North Delaware Street Indianapolis,Indiana,1300,200,0.04
kava bar,Fl85061495,9491209955,44 East Union Street Jacksonville,Florida,1100,200,0.06
Café Nola,Fl20179514,0983032202,333 North Laura Street Jacksonville,Florida,1400,2400,0.06
Burrito Gallery Downtown,Fl69186404,5289186367,21 East Adams Street Jacksonville,Florida,1100,200,0.06
Indochine Downtown,Fl53143055,4773843234,21 East Adams Street #200 Jacksonville,Florida,1000,200,0.06
Super Food And Brew,Fl31960573,9624345990,11 East Forsyth Street Jacksonville,Florida,1200,2400,0.06
The Volstead,Fl33562547,6216270366,115 West Adams Street Jacksonville,Florida,1200,200,0.06
Breezy Jazz Club,Fl86172187,8564905713,3801 119 West Adams Street Jacksonville,Florida,1200,300,0.06
Zodiac Bar & Grill,Fl27190262,2597214562,120 West Adams Street Jacksonville,Florida,1300,2300,0.06
Cocktails Martinis Lounge,Fl63613060,8621580818,Jacksonville,Florida,1300,2400,0.06
Dos Gatos,Fl44031985,5773775708,123 East Forsyth Street Jacksonville,Florida,1000,2400,0.06
De Real Ting Café,Fl08288873,7282310985,128 West Adams Street Jacksonville,Florida,1400,200,0.06
Spliffs Gastropub,Fl02091835,6569176230,15 Ocean Street Jacksonville,Florida,1400,2300,0.06
The Elbow,Fl68280597,8755730491,7 Ocean Street Jacksonville,Florida,1400,2400,0.06
Cowford Chophouse,Fl07638729,0870469919,101 East Bay Street Jacksonville,Florida,1300,300,0.06
Bay Street Bar and Grill,Fl59965661,1558582827,119 East Bay Street Jacksonville,Florida,1300,100,0.06
D&G Deli and Grill,Fl75713595,0281298715,233 East Bay Street Jacksonville,Florida,1400,100,0.06
The River Club,Fl69926848,0026133432,1 Independent Drive # 3500 Jacksonville,Florida,1200,300,0.06
The Justice Pub,Fl52321411,9641397187,315 East Bay Street Jacksonville,Florida,1400,100,0.06
Element Bistro & Craft Bar,Fl92429308,3095206676,333 East Bay Street Jacksonville,Florida,1100,200,0.06
Kala Bar,Fl14832490,3453013064,331 East Bay Street Jacksonville,Florida,1100,100,0.06
Cocktails & Bone Marrow,Ca93475856,5848219379,8411 Market Street San Francisco,California,1100,2300,0.07
Minas Brazilian,Ca41115773,7475960538,41 Franklin Street San Francisco,California,1200,200,0.07
Hazel Southern Bar & Kitchen,Ca21227078,5647922812,1446 Market Street San Francisco,California,1100,100,0.07
Mr. Tipple's Recording Studio,Ca30192491,8073061358,39 Fell Street San Francisco,California,1400,100,0.07
Hotspot,Ca19003504,7242746586,1414 Market Street San Francisco,California,1300,2300,0.07
Forgery Bar,Ca89148205,5257551892,1525 Mission Street San Francisco,California,1100,300,0.07
The Beer Hall,Ca75512795,5574290228,1 Polk Street San Francisco,California,1400,100,0.07
B-Side,Ca24719376,5929714277,205 Franklin Street San Francisco,California,1200,300,0.07
Zuni Café,Ca42236642,0257197403,1658 Market Street San Francisco,California,1200,200,0.07
Pause Wine Bar,Ca06974458,2050092942,1666 Market Street San Francisco,California,1200,2300,0.07
Hôtel Biron,Ca47104506,2783088206,45 Rose Street San Francisco,California,1000,300,0.07
Bai Thong Thai,Ca29678635,7079329177,298 Gough Street San Francisco,California,1300,300,0.07
Rich Table,Ca05884113,4050540054,199 Gough Street San Francisco,California,1200,200,0.07
Otoro Sushi,Ca75956709,9879361221,205 Oak Street San Francisco,California,1300,2300,0.07
Hayes Street Grill,Ca33919116,4630666541,320 Hayes Street San Francisco,California,1400,2300,0.07
Linden Room,Ca40094199,4418400652,292 Linden Street San Francisco,California,1200,2400,0.07
The Market Bar,Ca72150875,7912352971,1355 Market Street Suite 100 San Francisco,California,1000,2400,0.07
Sugar Lounge,Ca34292671,2790266492,377 Hayes Street San Francisco,California,1000,2400,0.07
Poor Boys San Francisco Pub Tours,Ca38230075,3732733413,916 Natoma Street San Francisco,California,1000,100,0.07
Arlequin Wine Merchant,Ca00286880,9791007345,372 Hayes Street San Francisco,California,1300,200,0.07
Plaza Restaurant and Lounge,Oh74210753,1696396265,75 East State Street Columbus,Ohio,1100,300,0.02
Burgerim,Oh48873595,8905881196,121 South High Street Columbus,Ohio,1100,200,0.02
Ringside Café,Oh78645880,4763382516,19 North Pearl Street Columbus,Ohio,1100,100,0.02
Olivers,Oh45191439,2941307818,26 North High Street Columbus,Ohio,1200,2300,0.02
The Capital Club,Oh57291839,5779953604,50 South Front Street Columbus,Ohio,1000,200,0.02
Cafe Napolitana Pizzeria & Bar,Oh63828422,9232620663,40 North High Street Columbus,Ohio,1100,2400,0.02
Arepazo Latin Grill,Oh33820535,8563798870,47 North Pearl Street Columbus,Ohio,1000,200,0.02
Mo Joe Lounge,Oh31676812,8085190620,149 South High Street Columbus,Ohio,1000,100,0.02
Cup o’ Joe Downtown,Oh19214134,6751365249,149 South High Street Columbus,Ohio,1000,300,0.02
Alley Bar,Oh95179303,8078488456,47 North Pearl Street Columbus,Ohio,1000,300,0.02
Pub Mahone,Oh88121362,3141233933,31 East Gay Street Columbus,Ohio,1300,2300,0.02
Tip Top Kitchen & Cocktails,Oh64672194,8517054574,73 East Gay Street Columbus,Ohio,1000,300,0.02
The Keep,Oh10344088,6537128462,50 West Broad Street Columbus,Ohio,1300,100,0.02
Veritas,Oh91403664,6034004550,11 West Gay Street Columbus,Ohio,1000,2400,0.02
Buckeye Bourbon House,Oh43689968,5546964294,36 East Gay Street Columbus,Ohio,1100,2300,0.02
The Citizens Trust,Oh63616799,2422709872,11 West Gay Street Columbus,Ohio,1300,200,0.02
Winans Chocolates + Coffees + Wine,Oh48631553,6288032118,216 South High Street Columbus,Ohio,1200,200,0.02
The Goat,Oh01794633,1014548683,219 South High Street Columbus,Ohio,1200,300,0.02
Rishi Sushi Kitchen & Bar,Oh60021377,4491134767,114 North 3rd Street Columbus,Ohio,1200,2400,0.02
El Camino Inn,Oh09664090,1746282971,238 South 4th Street Columbus,Ohio,1100,2400,0.02
Essex Bar & Bistro,No52104680,7733967955,101 South Tryon Street #14 Charlotte,North Carolina,1100,2400,0.06
Eddie V's Prime Seafood,No77009733,7348735848,101 South Tryon Street Charlotte,North Carolina,1000,200,0.06
Coin Bar,No29325319,5257984788,132 East Trade Street Charlotte,North Carolina,1000,100,0.06
Trade Restaurant and Bar,No49655432,1983375533,132 East Trade Street Charlotte,North Carolina,1000,100,0.06
The Bottle Shop,No39228990,9555816887,100 West Trade Street Charlotte,North Carolina,1200,2300,0.06
Hooters,No77889281,6323601666,123 West Trade Street Charlotte,North Carolina,1100,2300,0.06
Aria Tuscan Grill,No11991095,4058104212,100 North Tryon Street Charlotte,North Carolina,1100,2400,0.06
Tilt on Trade,No32120341,7484254038,127 West Trade Street Charlotte,North Carolina,1400,2400,0.06
QDOBA Mexican Eats,No94851086,0693047147,127 North Tryon Street Ste 2 Charlotte,North Carolina,1400,300,0.06
McCormick & Schmick's Seafood & Steaks,No02765595,4857908097,200 South Tryon Street Charlotte,North Carolina,1300,2300,0.06
The Dock,No36258754,8117440578,101-149 North Church Street Charlotte,North Carolina,1000,2300,0.06
Vida Mexican Kitchen y Cantina,No13085089,3943211407,210 East Trade Street Charlotte,North Carolina,1200,300,0.06
Vapiano Charlotte,No74898877,0332283750,201 South Tryon Street #101 Charlotte,North Carolina,1000,2400,0.06
SIP,No88047957,6539917229,200 North Tryon Street Charlotte,North Carolina,1200,200,0.06
Connolly's On Fifth,No80340471,4945438595,115 East 5th Street Charlotte,North Carolina,1100,2400,0.06
Prohibition Bar,No46142744,8050788989,200 North Tryon Street Charlotte,North Carolina,1000,200,0.06
The Local,No68662269,5425625243,105 East 5th Street Charlotte,North Carolina,1300,200,0.06
The Capital Grille,No14434082,5770544009,201 North Tryon Street Charlotte,North Carolina,1400,2400,0.06
204 North Kitchen and Cocktails,No36877955,6981900931,204 North Tryon Street Charlotte,North Carolina,1000,300,0.06
The Punch Room,No76239199,5384149236,201 East Trade Street Charlotte,North Carolina,1000,300,0.06
Del Frisco's Grille,Te62431293,9128422082,154 East 3rd Street Fort Worth,Texas,1400,200,0.08
Flying Saucer,Te83926173,8354087870,111 East 3rd Street Fort Worth,Texas,1000,300,0.08
Bird Café,Te81140030,9537205131,155 East 4th Street Fort Worth,Texas,1400,200,0.08
Mi Cocina,Te10403556,0028494202,509 Main Street Fort Worth,Texas,1000,2400,0.08
Starbucks,Te40565101,7156069766,141 West 3rd Street Fort Worth,Texas,1400,100,0.08
Jakes Burgers and Beer,Te76480925,3512354958,515 Main Street Fort Worth,Texas,1000,2300,0.08
Vidalias,Te00083199,0121335610,3011 200 Main Street Fort Worth,Texas,1100,2400,0.08
Scat Jazz Lounge,Te04344365,7030222315,111 West 4th Street # 11 Fort Worth,Texas,1300,2400,0.08
Reata,Te06506389,6670008342,310 Houston Street Fort Worth,Texas,1300,100,0.08
Red Goose Saloon,Te42942723,6437319246,306 North Houston Street Fort Worth,Texas,1200,2400,0.08
Uno Pizzeria & Grill,Te33478841,6848147010,300 Houston Street Fort Worth,Texas,1200,100,0.08
Fort Worth Live,Te62467034,0295636148,306 Houston Street Fort Worth,Texas,1300,300,0.08
Star of Texas Grill,Te26647201,8734403501,200 Main Street Fort Worth,Texas,1200,300,0.08
Margarita Xtreme,Te75356190,4132762539,209 West 2nd Street Fort Worth,Texas,1000,100,0.08
SIX 10 GRILLE,Te00025198,3227959659,610 Main Street Fort Worth,Texas,1300,2300,0.08
Durty Murphy's,Te01521761,4283873331,609 Houston Street Fort Worth,Texas,1000,100,0.08
Pete's Dueling Piano Bar,Te65245112,6373657457,4817 621 Houston Street Fort Worth,Texas,1000,2300,0.08
The Library Bar Fort Worth Texas,Te00593118,5452512034,611 Houston Street Fort Worth,Texas,1300,300,0.08
GRACE,Te23613280,4378131149,777 Main Street Fort Worth,Texas,1000,200,0.08
Taverna Ft.Worth,Te73777804,8490202554,450 Throckmorton Street Fort Worth,Texas,1300,2300,0.08
Central Kitchen + Bar,Mi52354525,2704427208,660 Woodward Avenue #4A Detroit,Michigan,1200,2400,0.12
The Fountain Detroit,Mi90875080,2641669039,800 Woodward Avenue Detroit,Michigan,1300,2400,0.12
The Whisky Parlor,Mi68303811,6106890591,608 Woodward Avenue Detroit,Michigan,1100,300,0.12
Grand Trunk Pub,Mi40177313,1242561774,612 Woodward Avenue Detroit,Michigan,1300,2300,0.12
Hard Rock Cafe,Mi09098351,7525913080,45 Monroe Avenue Detroit,Michigan,1000,100,0.12
Checker Bar Detroit,Mi54635104,0602006036,124 Cadillac Square Detroit,Michigan,1200,300,0.12
POP + Offworld Arcade,Mi26305069,0627042805,128 Cadillac Square Detroit,Michigan,1200,2300,0.12
Greenwich Time Pub,Mi14523593,2791271287,130 Cadillac Square Detroit,Michigan,1200,100,0.12
THE KEEP,Mi20979936,1405495173,140 Cadillac Square Detroit,Michigan,1300,200,0.12
Dime Store,Mi99182118,7668049843,719 Griswold Street #180 Detroit,Michigan,1100,200,0.12
Drive Table Tennis Social Club,Mi55977910,9593737360,200 West Fort Street Detroit,Michigan,1200,2400,0.12
Buhl Bar,Mi27842576,9103337892,Buhl Building 535 Griswold Street Detroit,Michigan,1300,200,0.12
Caucus Club Detroit,Mi88276882,4637812813,150 West Congress Street Detroit,Michigan,1000,200,0.12
Maru Sushi & Grill,Mi38108405,4137825738,160 West Fort Street Detroit,Michigan,1000,2400,0.12
Garden Pub,Mi77796109,0498701949,129 Michigan Avenue Detroit,Michigan,1100,2400,0.12
Bad Luck Bar,Mi53149330,6173791878,1218 Griswold Street Detroit,Michigan,1400,100,0.12
Ready Player One,Mi06628683,0715937323,407 East Fort Street Detroit,Michigan,1100,2400,0.12
Legends,Mi78447347,6578696885,415 East Congress Street Detroit,Michigan,1400,200,0.12
Standby,Mi98331283,1956365439,225 Gratiot Avenue Detroit,Michigan,1200,200,0.12
Sweetwater Tavern,Mi78847884,6937914686,400 East Congress Street Detroit,Michigan,1400,300,0.12
Chicken Coop Bar,Te36865832,1488296380,4118 Alameda Avenue El Paso,Texas,1000,300,0.08
L & J Cafe,Te31974942,2302176639,3622 East Missouri Avenue El Paso,Texas,1000,100,0.08
5 Herencias Bar,Te34762903,0124848974,3900 Montana Avenue El Paso,Texas,1300,2300,0.08
Cazadorez,Te59871132,9814918521,3530 Durazno Avenue El Paso,Texas,1000,2400,0.08
LQ New York,Te75479681,0809775064,4506 Montana Avenue El Paso,Texas,1300,100,0.08
Jacky's Sports Bar,Te65985652,9687584917,309 North Grama Street El Paso,Texas,1100,200,0.08
Adrian's Cocktail Lounge,Te79971347,4049193550,3400 Gateway Boulevard East El Paso,Texas,1100,2300,0.08
Alta Vista Lounge,Te93901837,8539863524,1205 North Copia Street El Paso,Texas,1400,2400,0.08
MetalGround,Te43675545,9521879796,3300 Alameda Avenue El Paso,Texas,1100,2300,0.08
Rods Sports Bar & Lounge,Te01999877,8364708399,3900 Pershing Drive El Paso,Texas,1200,100,0.08
Palace Bar,Te41292110,8715437444,799052329 3201 Alameda Avenue El Paso,Texas,1300,300,0.08
Code Brew,Te49199854,0208685762,5038 Alameda Avenue El Paso,Texas,1300,2300,0.08
Las Vegas Lounge,Te60073538,7683877172,3117 Alameda Avenue El Paso,Texas,1400,300,0.08
5 Points Bistro,Te61098325,4742425327,3019 Montana Avenue El Paso,Texas,1000,2300,0.08
EL CALICO BAR,Te44627748,9372577622,146 Chelsea Street El Paso,Texas,1000,2400,0.08
Aviators Pub & Grub - Central,Te45155091,9232731839,3002 Pershing Ste. A-B El Paso,Texas,1300,300,0.08
Love Buzz,Te47510091,3843120814,3011 Pershing Drive El Paso,Texas,1200,300,0.08
Dewey's Corner Pub,Te62836681,8102606967,812 North Piedras Street El Paso,Texas,1100,2300,0.08
The District Pub & Kitchen,Te02570131,8710769738,601 North Piedras Street El Paso,Texas,1400,300,0.08
Joe Vinny & Bronsons Bohemian Cafe,Te16551241,6639912208,824 North Piedras Street El Paso,Texas,1000,300,0.08
Willie Moore's Restaurant,Te81054149,7694631262,109 North Main Street Memphis,Tennessee,1200,200,0.07
MOXY Memphis Downtown,Te74641847,0909230951,40 North Main Street Memphis,Tennessee,1000,2300,0.07
Ferraros Pizzeria & Pub,Te96290534,6843032396,111 Jackson Avenue Memphis,Tennessee,1200,2300,0.07
Westy's,Te77163998,1774246284,346 North Main Street Memphis,Tennessee,1100,2300,0.07
The Brass Door,Te49528334,0850209957,152 Madison Avenue Memphis,Tennessee,1400,100,0.07
McEwens,Te84723435,2705195539,120 Monroe Avenue Memphis,Tennessee,1100,100,0.07
Felicia Suzanne's,Te42739921,2492934357,2438 80 Monroe Avenue # L1 Memphis,Tennessee,1400,2300,0.07
Flight Restaurant and Wine Bar,Te39843878,5258993572,39 South Main Street Memphis,Tennessee,1000,100,0.07
Bardog Tavern,Te79124608,6887777704,73 Monroe Avenue Memphis,Tennessee,1300,200,0.07
Russwood Park Sports Bar & Grill,Te63610374,1059051084,160 Union Avenue Memphis,Tennessee,1000,100,0.07
Paddy's Memphís Pub,Te64906435,0269856344,Memphis,Tennessee,1000,2300,0.07
The Pocket,Te81825810,1345199863,115 Union Avenue Memphis,Tennessee,1000,100,0.07
TGI Fridays,Te02787765,0346882664,185 Union Avenue Memphis,Tennessee,1200,100,0.07
Memphis Sounds,Te75067261,3737660600,280 Island Drive Memphis,Tennessee,1000,2400,0.07
Kooky Canuck,Te86652988,1968015221,3009 87 South 2nd Street Memphis,Tennessee,1400,2300,0.07
Memphis Sounds Lounge,Te56442126,7921924695,280 Island Drive Memphis,Tennessee,1300,300,0.07
Local on Main Street,Te74865533,5730813396,95 South Main Street Memphis,Tennessee,1200,300,0.07
Belle Tavern,Te67418155,0621287319,117 Barboro Alley Memphis,Tennessee,1400,2400,0.07
Aldo’s Pizza Pies,Te50199279,0401628006,100 South Main Street #101 Memphis,Tennessee,1300,100,0.07
Tamp and Tap,Te54479169,8337438368,122 Gayoso Avenue Memphis,Tennessee,1400,100,0.07
Seattle Bar,Wa36010282,1308899473,910 5th Avenue Seattle,Washington,1200,200,0.06
The Lodge Sports Grille,Wa21065177,6566273159,1102 4th Avenue Seattle,Washington,1400,300,0.06
Outlier,Wa57304593,8496070283,1101 4th Avenue Seattle,Washington,1000,100,0.06
Trace,Wa32236235,0055265376,1112 4th Avenue Seattle,Washington,1000,2300,0.06
Regatta Bar & Grille,Wa00976167,2375172442,1113 6th Avenue Seattle,Washington,1300,100,0.06
Metropolitan Grill,Wa39311284,6566390913,820 2nd Avenue Seattle,Washington,1100,200,0.06
Juno,Wa02387323,7799477532,700 3rd Avenue Seattle,Washington,1300,2300,0.06
Polar Bar,Wa87725684,7346721069,700 3rd Avenue Seattle,Washington,1100,2400,0.06
Purple Cafe and Wine Bar,Wa79768521,8609984564,1225 4th Avenue Seattle,Washington,1000,100,0.06
The Capital Grille,Wa93795546,4593325467,1301 4th Avenue Seattle,Washington,1400,2300,0.06
Redtrees Restaurant and Bar,Wa07492515,2244383330,1301 6th Avenue Seattle,Washington,1000,300,0.06
The Bistro,Wa21277942,3999341299,612 2nd Avenue Seattle,Washington,1000,200,0.06
The Brooklyn Seafood  Steak & Oyster House,Wa11021369,7940994846,1212 2nd Avenue Seattle,Washington,1100,2300,0.06
Bookstore Bar & Cafe,Wa16927347,8677604475,1007 1st Avenue Seattle,Washington,1300,300,0.06
Dog Catches Rabbit Pub LLC,Wa10960151,3928194743,1110 8th Avenue Seattle,Washington,1200,2400,0.06
Hagerty's Sports Bar,Wa47611043,0748427560,1325 6th Avenue Seattle,Washington,1400,2300,0.06
Heartwood Provisions,Wa37229749,5718323077,1103 1st Avenue Seattle,Washington,1200,100,0.06
Club Contour,Wa39756164,8015552833,807 1st Avenue Seattle,Washington,1300,2300,0.06
Fado Irish Pub,Wa49585125,8723592799,801 1st Avenue Seattle,Washington,1200,2300,0.06
Bad Bishop,Wa13954223,1399266807,704 1st Avenue Seattle,Washington,1100,200,0.06
Sports grill,Co12476493,1795580755,Denver,Colorado,1000,2400,0.05
Resolution NYE - Denver New Years Eve Party,Co70638568,4134649040,144 West Colfax Avenue Denver,Colorado,1100,200,0.05
Rasmussen/Dale conference room,Co11340070,5986489799,101 West Colfax Avenue Denver,Colorado,1200,200,0.05
The Greedy Hamster,Co48103424,5285628301,323 14th Street Denver,Colorado,1000,2300,0.05
Pints Pub- British Gastro Brewpub & Restaurant,Co01363506,8539734313,221 West 13th Avenue Denver,Colorado,1000,300,0.05
Cap City Tavern,Co03278120,8407167804,1247 Bannock Street Denver,Colorado,1200,2300,0.05
Bar Red,Co77782756,6000603959,437 West Colfax Avenue Denver,Colorado,1200,100,0.05
MAD Greens - Denver Art Museum,Co91231008,9978399248,1200 Acoma Street #101a Denver,Colorado,1000,2300,0.05
16Mix,Co44934674,8064748562,1550 Court Place Denver,Colorado,1200,100,0.05
Yard House,Co22329114,3854896675,1555 Court Place Denver,Colorado,1000,200,0.05
Leven Deli Co.,Co06106787,2364848321,123 West 12th Avenue Denver,Colorado,1100,100,0.05
Dulce Vida,Co27329915,6392293314,1201 Cherokee Street Denver,Colorado,1300,200,0.05
5280 Burger Bar,Co59707814,3881511861,500 16th Street Mall #160 Denver,Colorado,1400,2300,0.05
Territory Kitchen + Bar,Co61930255,2583985662,1400 Welton Street Denver,Colorado,1200,2400,0.05
LIVE AT JACK'S,Co42236993,1963648089,500 16th Street Mall #320 Denver,Colorado,1100,300,0.05
Hard Rock Cafe,Co33239522,1366230070,500 16th Street Mall Denver,Colorado,1300,2400,0.05
Maggiano's Little Italy,Co13250571,8699520445,500 16th Street Mall Suite 150 Denver,Colorado,1000,300,0.05
Coyote Ugly,Co13510360,9594652591,Denver Pavilions 500 16th Street Mall #350 Denver,Colorado,1400,2400,0.05
Earls Kitchen + Bar,Co93016266,4017753497,1600 Glenarm Place #140 Denver,Colorado,1200,2400,0.05
For The Win,Co99119875,2414647781,Denver,Colorado,1100,100,0.05
A big compartment,Di17430987,4276069885,2812 Pennsylvania Avenue Northwest Washington,District of Columbia,1200,100,0.04
Sweet Agave Bar & grill,Di29146882,7982184868,1 Scott Circle Northwest Washington,District of Columbia,1200,100,0.04
Beacon Bar & Grill,Di68060978,2369973883,1615 Rhode Island Avenue Northwest Washington,District of Columbia,1100,100,0.04
Quill at The Jefferson,Di88448028,0859499394,1200 16th Street Northwest Washington,District of Columbia,1400,100,0.04
Plume,Di28782892,0246892010,1200 16th Street Northwest Washington,District of Columbia,1200,300,0.04
Bar Rouge,Di45983087,6620459935,1315 16th Street Northwest Washington,District of Columbia,1200,2400,0.04
Avenue Cafe & Lounge,Di46470307,5108911878,1501 Rhode Island Avenue Northwest Washington,District of Columbia,1000,300,0.04
Coors Brewery Co,Di25832352,9856969995,1501 M Street Northwest #330 Washington,District of Columbia,1000,2300,0.04
Iron Gate Restaurant,Di76238053,6539912276,1734 N Street Northwest Washington,District of Columbia,1000,100,0.04
Tabard Inn Restaurant,Di61156884,0592710028,1739 N Street Northwest Washington,District of Columbia,1100,200,0.04
PostScript,Di11520212,3219353693,1177 15th Street Northwest Washington,District of Columbia,1200,300,0.04
Bua Thai Restaurant And Bar,Di46570425,9097490514,1635 P Street Northwest Washington,District of Columbia,1100,2300,0.04
La Boum,Di28493509,3265228189,1730 M Street Northwest Washington,District of Columbia,1100,2400,0.04
Komi,Di95444729,4147169937,1509 17th Street Northwest Washington,District of Columbia,1300,300,0.04
Radiator,Di18502905,1846498031,1430 Rhode Island Avenue Northwest Washington,District of Columbia,1000,300,0.04
Duke's Grocery,Di30765957,5275546560,1513 17th Street Northwest Washington,District of Columbia,1000,300,0.04
The Bar at P Street,Di69955016,0587497672,1440 P Street Northwest Washington,District of Columbia,1000,2400,0.04
Barcode,Di46648436,0370687312,1101 17th Street Northwest Washington,District of Columbia,1100,200,0.04
Rosebar Lounge,Di85867270,5543253988,1215 Connecticut Avenue Northwest Washington,District of Columbia,1100,200,0.04
Edgar,Di26199230,0977848608,1127 Connecticut Avenue Northwest Washington,District of Columbia,1300,300,0.04
The Patios,Ma68951868,0142060200,1 City Hall Square Boston,Massachusetts,1400,300,0.05
Boston Seasons,Ma85698928,7104493381,Boston,Massachusetts,1200,2300,0.05
Wachusett Brewing Company Boston Brew Yard,Ma26989753,9319398915,BOST-0302615000 Boston,Massachusetts,1000,100,0.05
The Kinsale Irish Pub & Restaurant,Ma21485838,1760989562,2 Center Plaza Boston,Massachusetts,1400,200,0.05
Cultivar,Ma21881737,5202841338,Ames Building Court Street Boston,Massachusetts,1000,2300,0.05
Sons of Boston,Ma93709234,0922778416,19 Union Street Boston,Massachusetts,1300,2300,0.05
Blackstone Grill,Ma30465513,9970516487,15 Union Street Boston,Massachusetts,1300,2300,0.05
Hennessy’s Bar,Ma01844063,0342843003,25 Union Street Boston,Massachusetts,1000,2300,0.05
Paddy O's,Ma81114735,4953016665,33 Union St # A Boston,Massachusetts,1000,300,0.05
The Bell In Hand Tavern,Ma06807351,9282200840,45 Union Street Boston,Massachusetts,1100,2400,0.05
The Alley Bar,Ma89827635,3628375503,14 Pi Alley Boston,Massachusetts,1300,2300,0.05
Sterling’s,Ma10505628,4787129807,60 State Street Boston,Massachusetts,1300,2300,0.05
SomersPubs,Ma64014513,8036413629,11 Marshall Street Boston,Massachusetts,1200,2300,0.05
The Green Dragon Tavern,Ma00355164,6126231545,11 Marshall Street Boston,Massachusetts,1200,2400,0.05
The Point,Ma59922398,7331649840,147 Hanover Street Boston,Massachusetts,1000,2400,0.05
Red Apple Farm @ Boston Public Market,Ma40307868,5566290803,100 Hanover Street Boston,Massachusetts,1000,300,0.05
Salty Dog Seafood Grille and Bar,Ma80445870,0620593327,206 Faneuil Hall Market Place Boston,Massachusetts,1000,200,0.05
Durty Nelly's,Ma06046362,5615858351,108 Blackstone Street Boston,Massachusetts,1000,200,0.05
McCormick & Schmick's Seafood & Steaks,Ma01626900,2522325235,1 Faneuil Hall Market PL Boston,Massachusetts,1000,2400,0.05
Scholars American Bistro and Cocktail Lounge,Ma91063644,7921805697,25 School Street Boston,Massachusetts,1100,200,0.05
Big boss bar and grill,Te55853423,7745310377,600 Church Street Nashville,Tennessee,1400,300,0.07
Blend Bar with Davidoff Cigars,Te83084904,4993119698,506 Church Street Nashville,Tennessee,1100,200,0.07
The Oak Bar at the Hermitage Hotel,Te31125824,3949583187,231 6th Avenue North Nashville,Tennessee,1400,2300,0.07
The Library,Te33680879,7249210553,sheraton Nashville,Tennessee,1300,100,0.07
Frothy Monkey,Te39138721,7018722466,235 5th Avenue North Nashville,Tennessee,1300,300,0.07
Craft Bar & Bistro,Te22310717,9169757984,227 7th Avenue North Nashville,Tennessee,1200,100,0.07
Commerce Street Bar and Grille,Te53463937,4998190026,611 Commerce Street Nashville,Tennessee,1300,2400,0.07
Back Alley Diner,Te68212404,3269586826,217 Arcade Alley Nashville,Tennessee,1400,100,0.07
The Bridge,Te60546462,6941453033,611 Commerce Street Nashville,Tennessee,1100,100,0.07
Mile End Delicatessen,Te78449659,6914098152,401 Union Street Nashville,Tennessee,1000,300,0.07
The Standard At The Smith House,Te84534543,5831698116,167 Rosa L Parks Boulevard Nashville,Tennessee,1100,100,0.07
Rare Bird,Te35803482,7028597824,200 4th Avenue North Nashville,Tennessee,1100,2300,0.07
Alley Taps,Te12256203,4898189644,162 Printers Alley Nashville,Tennessee,1200,2300,0.07
Bourbon Street Blues and Boogie Bar,Te43164349,9327277402,220 Printers Alley Nashville,Tennessee,1000,2300,0.07
Tavern at Bobby,Te95308486,3933814222,230 4th Avenue North Nashville,Tennessee,1400,2400,0.07
Printer's Alley,Te56554843,8935110187,Printers Alley Between Union St and Commerce Street Nashville,Tennessee,1300,2400,0.07
Skull's Rainbow Room,Te00516746,0596813359,222 Printers Alley Nashville,Tennessee,1300,200,0.07
Ms. Kelli's Karaoke Bar,Te78754094,9062395876,207 Printers Alley Nashville,Tennessee,1200,2300,0.07
Fleet Street Pub,Te38329994,0312838196,207 Printers Alley Nashville,Tennessee,1200,200,0.07
Randolph's,Te55623231,0370893327,209 Printers Alley Nashville,Tennessee,1400,2300,0.07
The Side pocket,Ma18309187,0898250809,South Baltimore,Maryland,1100,2400,0.09
Gentleman's clubs,Ma96278943,5564041862,Baltimore,Maryland,1100,2300,0.09
The Sidebar Tavern,Ma48683976,6068436865,218 E Lexington St Baltimore,Maryland,1300,100,0.09
Brasserie 10 South,Ma76644864,4814483137,10 South Calvert Street Baltimore,Maryland,1000,300,0.09
Oxygen Ultra Lounge,Ma33490760,1833578610,10 South Calvert Street Baltimore,Maryland,1100,300,0.09
Chez Hugo,Ma67259430,2121718956,206 East Redwood Street Baltimore,Maryland,1400,300,0.09
Peter's Pour House,Ma97602614,5998629570,111 Mercer Street Baltimore,Maryland,1400,2300,0.09
Kings & Diamonds,Ma18335929,6929470880,416 East Baltimore Street Baltimore,Maryland,1400,100,0.09
Supano's Italian Restaurant,Ma31891901,6081722639,108 Water Street Baltimore,Maryland,1000,2400,0.09
Supano's Prime Steakhouse  Seafood & Pasta,Ma68370442,8566183160,110 Water Street Baltimore,Maryland,1300,2400,0.09
The Water Street Tavern,Ma51967915,0819224854,102 Water Street Baltimore,Maryland,1400,2300,0.09
Midway Bar,Ma27056742,4875876610,421 East Baltimore Street Baltimore,Maryland,1400,200,0.09
Clock Restoration Bar & Kitchen,Ma05073103,7204471374,F6 31 South Calvert Street Baltimore,Maryland,1200,100,0.09
Midway Bar And Liquor Store,Ma06855002,3219622511,421 East Baltimore Street Baltimore,Maryland,1000,100,0.09
Midway Bar,Ma73487914,1637344887,421 East Baltimore Street Baltimore,Maryland,1100,300,0.09
Ida B's Table,Ma69348187,6888777318,235 Holliday Street Baltimore,Maryland,1400,2300,0.09
The China Room,Ma84677294,3152051066,44 South Street Baltimore,Maryland,1300,300,0.09
B & O American Brasserie,Ma95709188,2831687435,2 North Charles Street Baltimore,Maryland,1100,100,0.09
Pulse Nightclub,Ma50024485,1234036390,409 East Saratoga Street Baltimore,Maryland,1300,100,0.09
Highlander Club,Ma55591432,5903447753,211 East Lombard Street Baltimore,Maryland,1200,200,0.09
FLINT,Ok02796194,8495900542,15 North Robinson Avenue Oklahoma City,Oklahoma,1400,100,0.1
Aria Lounge,Ok23136951,1625193983,1 North Broadway Avenue Oklahoma City,Oklahoma,1300,2400,0.1
Vast,Ok79108742,1412338123,333 West Sheridan Avenue 49th Floor Oklahoma City,Oklahoma,1100,100,0.1
The Manhattan OKC,Ok37962802,1565651198,210 Park Avenue Suite 150 Oklahoma City,Oklahoma,1400,100,0.1
Park Harvey Sushi Wine & Sports Lounge,Ok23459750,6014663778,200 North Harvey Avenue #100 Oklahoma City,Oklahoma,1300,2300,0.1
10 North Grille,Ok88682128,1480510714,10 North Broadway Avenue Oklahoma City,Oklahoma,1300,200,0.1
Red Piano Lounge at The Skirvin Hotel OKC,Ok36914231,8575479583,1 Park Avenue Oklahoma City,Oklahoma,1400,2300,0.1
The Melting Pot,Ok73614399,7621341383,4 East Sheridan Avenue Oklahoma City,Oklahoma,1000,300,0.1
Mojo's,Ok66537677,1780227783,1 East California Avenue Oklahoma City,Oklahoma,1300,100,0.1
robert's bar,Ok02980966,9082981661,100 West Reno Avenue Oklahoma City,Oklahoma,1100,200,0.1
Abuelo's Mexican Restaurant,Ok91712060,7356707465,17 East Sheridan Avenue Oklahoma City,Oklahoma,1400,2300,0.1
Hudsons Public House,Ok84617774,9706316610,27 East Sheridan Avenue Oklahoma City,Oklahoma,1400,300,0.1
Bricktown Brewery,Ok85474726,1488199244,1 North Oklahoma Avenue Oklahoma City,Oklahoma,1300,2400,0.1
Zio's Italian Kitchen,Ok27877354,2832002236,12 East California Avenue Oklahoma City,Oklahoma,1200,200,0.1
Michael Murphy's Dueling Piano Bar,Ok06127134,8775016798,25 South Oklahoma Avenue Oklahoma City,Oklahoma,1200,2300,0.1
Red PrimeSteak,Ok45331136,9280386884,504 North Broadway Avenue Oklahoma City,Oklahoma,1300,2300,0.1
Club One15,Ok70670587,9212454273,2419 115 East Sheridan Avenue Oklahoma City,Oklahoma,1300,100,0.1
Tipsy Tiki,Ok14463529,2932883756,Oklahoma Avenue Oklahoma City,Oklahoma,1300,200,0.1
Pretty Please Social Room,Ok99001987,1961975606,104 Flaming Lips Alley Oklahoma City,Oklahoma,1400,2300,0.1
Put a Cork in It,Ok84646238,6810893881,115 East California Avenue Oklahoma City,Oklahoma,1300,100,0.1
Southern Lounge,Ke49877020,7581994818,432 South 4th Street Louisville,Kentucky,1000,2300,0.11
Gordon Biersch Brewery Restaurant,Ke40300246,8454758338,400 South 4th Street Louisville,Kentucky,1100,100,0.11
Hard Rock Cafe,Ke01128252,9742663109,424 South 4th Street Louisville,Kentucky,1300,2300,0.11
Bourbon Raw,Ke57352360,0188139695,446 South 4th Street Louisville,Kentucky,1000,300,0.11
PBR Louisville: A Cowboy Bar,Ke62266458,3041507928,432 South 4th Street Louisville,Kentucky,1100,2400,0.11
Howl at the Moon Louisville,Ke69616684,0714405740,434 South 4th Street Louisville,Kentucky,1200,300,0.11
The Thirsty Pedaler,Ke54979232,0799156363,411 South 4th Street #170 Louisville,Kentucky,1000,200,0.11
TGI Fridays,Ke58101469,4532380032,415 South 4th Street Louisville,Kentucky,1400,2300,0.11
Goose Island Beer Bridge,Ke80629786,9796951256,Fourth Street Live! 432 South 4th Street Louisville,Kentucky,1100,2300,0.11
Sports & Social Club,Ke53246287,5627991008,3491 427 South 4th Street Louisville,Kentucky,1400,200,0.11
QDOBA Mexican Eats,Ke23956148,8381122930,312 South 4th Street Louisville,Kentucky,1300,200,0.11
Pizza Bar Louisville,Ke97444881,3650532436,445 South 4th Street Louisville,Kentucky,1100,2400,0.11
Tavern on Fourth,Ke44421216,1609590551,427 South 4th Street #200 Louisville,Kentucky,1400,200,0.11
Downtown Sports  LLC,Ke28752867,4929802661,427 South 4th Street #100 Louisville,Kentucky,1200,200,0.11
The Old Seelbach Bar,Ke42740076,5240951746,500 South 4th Street Louisville,Kentucky,1400,2300,0.11
Eddie Merlot's Prime Aged Beef & Seafood,Ke00598412,4601218718,2507 455 South 4th Street #102 (4th Street and West Muhammad Ali Boulevard Louisville,Kentucky,1400,200,0.11
Brendon's Catch 23,Ke77535609,5379689684,505 South 4th Street Louisville,Kentucky,1100,100,0.11
Third Street Dive,Ke92952999,9387762281,442 South 3rd Street Louisville,Kentucky,1200,300,0.11
Delta Bar and Cafe,Ke32818133,3947823788,434 West Market Street Louisville,Kentucky,1000,100,0.11
Osaka Japanese Restaurant,Ke33730793,6608995563,426 West Market Street Louisville,Kentucky,1200,2300,0.11
Nice Hotel / Motel,Or64439546,0958189626,Portland,Oregon,1400,300,0.07
Gardner and Gardner,Or88932320,2204455594,111 Southwest 5th Avenue Portland,Oregon,1400,100,0.07
Portland Bar,Or93852553,7125271368,111 Southwest 5th Avenue Portland,Oregon,1000,300,0.07
Little Bird Bistro,Or53775144,0685342725,215 Southwest 6th Avenue Portland,Oregon,1300,2400,0.07
Bunk Sandwiches,Or55038038,6549689238,211 Southwest 6th Avenue Portland,Oregon,1000,2300,0.07
Mary's Club,Or72038448,4544813686,129 Southwest Broadway Portland,Oregon,1100,300,0.07
Mi Mero Mole,Or50879605,4516949077,32 Northwest 5th Avenue Portland,Oregon,1100,200,0.07
Saucebox,Or42584807,8493936898,214 Southwest Broadway Portland,Oregon,1300,200,0.07
Santeria,Or33200853,9553485672,703 Southwest Ankeny Street Portland,Oregon,1300,300,0.07
Bailey's Taproom,Or08503703,9551958932,213 Southwest Broadway Portland,Oregon,1100,2300,0.07
Fifth Avenue Night Lounge,Or93107915,7952270128,125 Northwest 5th Avenue Portland,Oregon,1400,2400,0.07
The Upper Lip,Or80630489,2897006798,720 Southwest Ankeny Street Portland,Oregon,1400,200,0.07
The Independent Sports Bar & Grill,Or29968452,0066617694,225 Southwest Broadway #100 Portland,Oregon,1100,2400,0.07
The Original Dinerant,Or01080167,6587222710,300 Southwest 6th Avenue Portland,Oregon,1100,200,0.07
Shake Bar,Or36746417,5603311709,3802 28 Northwest 4th Avenue Portland,Oregon,1300,2300,0.07
Fortune,Or26303624,7606251321,329 Northwest Couch Street Portland,Oregon,1100,100,0.07
The Palm Court,Or79420359,5782805410,309 Southwest Broadway Portland,Oregon,1400,100,0.07
Dante's,Or11082294,8673055792,350 West Burnside Street Portland,Oregon,1300,200,0.07
The Big Legrowlski,Or18507402,9608416719,812 Northwest Couch Street Portland,Oregon,1000,2400,0.07
El Gaucho Portland,Or65197677,7931494864,319 Southwest Broadway Portland,Oregon,1000,100,0.07
Las Vvp,Ne69468619,5441236886,Las Vegas,Nevada,1200,300,0.11
The Nerd,Ne68513733,1532477289,450 Fremont Street #250 Las Vegas,Nevada,1300,200,0.11
RED DTLV,Ne49725882,6164842517,512 Fremont Street Las Vegas,Nevada,1200,100,0.11
Axehole Fremont Street Axe & Knife & Spear Throwing,Ne14114719,8085393989,450 Fremont Street Suite 163 Las Vegas,Nevada,1100,2300,0.11
Park on Fremont,Ne54353950,7231804694,506 Fremont Street Las Vegas,Nevada,1400,2400,0.11
Evel Pie,Ne67903889,8603546490,508 Fremont Street Las Vegas,Nevada,1400,100,0.11
Vanguard Lounge,Ne02808100,9959584617,516 Fremont Street Las Vegas,Nevada,1100,2300,0.11
Therapy,Ne26852037,4114149064,518 Fremont Street Las Vegas,Nevada,1000,100,0.11
Banger Brewing,Ne58015533,6362688259,450 Fremont Street #135 Las Vegas,Nevada,1400,200,0.11
Gold Spike,Ne98017362,4375466976,217 North Las Vegas Boulevard Las Vegas,Nevada,1000,2400,0.11
Beauty Bar Las Vegas,Ne64531587,5388751225,517 Fremont Street Las Vegas,Nevada,1200,2400,0.11
Le Thai,Ne99921306,0178318600,523 Fremont Street Las Vegas,Nevada,1300,100,0.11
Hennesey's Tavern,Ne34354182,0161967061,425 Fremont Street #110 Las Vegas,Nevada,1100,200,0.11
The Griffin,Ne79710696,9555494891,511 Fremont Street Las Vegas,Nevada,1400,200,0.11
The Smashed Pig,Ne42909964,6489595424,509 Fremont Street Las Vegas,Nevada,1300,100,0.11
Commonwealth,Ne31551623,9406656867,525 Fremont Street Las Vegas,Nevada,1300,2400,0.11
Don't Tell Mama,Ne37777867,7732989904,517 Fremont Street Las Vegas,Nevada,1400,100,0.11
Mickie Finnz Fish House & Bar,Ne06614599,1092333737,425 Fremont Street Las Vegas,Nevada,1400,200,0.11
Corduroy,Ne45773747,4082556893,515 Fremont Street Las Vegas,Nevada,1100,2400,0.11
Downtown Cocktail Room,Ne01856940,2453490582,111 South Las Vegas Boulevard Las Vegas,Nevada,1300,200,0.11
Indulge Wine Room,Wi79053245,3407328328,708 North Milwaukee Street Milwaukee,Wisconsin,1100,2400,0.06
Carnevor,Wi31721393,6963114869,718 North Milwaukee Street Milwaukee,Wisconsin,1000,2400,0.06
East Town Kitchen & Bar,Wi74062388,1887694976,323 East Wisconsin Avenue Milwaukee,Wisconsin,1100,100,0.06
East Town Kitchen & Bar,Wi63013198,3595386965,323 East Wisconsin Avenue Milwaukee,Wisconsin,1400,200,0.06
Cubanitas,Wi64375450,6555071574,728 North Milwaukee Street Milwaukee,Wisconsin,1000,200,0.06
Dick's,Wi00999131,4743990047,730 North Milwaukee Street Milwaukee,Wisconsin,1200,200,0.06
LUCID Light Lounge,Wi12656303,4972952791,729 North Milwaukee Street Milwaukee,Wisconsin,1100,100,0.06
Blu,Wi47272897,6331372191,424 East Wisconsin Avenue Milwaukee,Wisconsin,1300,300,0.06
Zarletti,Wi42736334,3240386905,741 North Milwaukee Street #1 Milwaukee,Wisconsin,1000,2300,0.06
My Office,Wi54934143,7424883205,763 North Milwaukee Street Milwaukee,Wisconsin,1200,2300,0.06
618 Live on Water,Wi51570964,8422123329,618 North Water Street Milwaukee,Wisconsin,1000,2300,0.06
Ward's House of Prime,Wi92520589,9760515023,540 East Mason Street Milwaukee,Wisconsin,1000,100,0.06
SportClub,Wi82870220,4080925699,750 North Jefferson Street Milwaukee,Wisconsin,1300,2300,0.06
The Phoenix Cocktail Club,Wi68260319,8580754580,785 North Jefferson Street Milwaukee,Wisconsin,1300,2400,0.06
Swingin' Door Exchange,Wi64381990,3550199438,219 East Michigan Street Milwaukee,Wisconsin,1200,2300,0.06
Taco Bar MKE,Wi42242368,3981645306,782 North Jefferson Street Milwaukee,Wisconsin,1200,300,0.06
Bad Genie,Wi82473496,9692160495,789 North Jefferson Street Milwaukee,Wisconsin,1400,2400,0.06
Belmont Tavern,Wi25914034,1881302902,784 North Jefferson Street Milwaukee,Wisconsin,1200,200,0.06
Plum Lounge,Wi37008703,8104204717,780 North Jefferson Street Milwaukee,Wisconsin,1300,200,0.06
Taylors,Wi10745773,4665038798,795 North Jefferson Street Milwaukee,Wisconsin,1400,300,0.06
Laru Ni Hati Hair Salon and Wine Bar,Ne05640870,7451405389,3413 Central Avenue Northeast Albuquerque,New Mexico,1400,300,0.07
Zacatecas Tacos + Tequila + Bourbon,Ne97851102,8621708392,3423 Central Avenue Northeast Albuquerque,New Mexico,1200,2300,0.07
Matanza Beer Kitchen Nob Hill,Ne34891641,1635356760,3225 Central Avenue Northeast Albuquerque,New Mexico,1100,100,0.07
Two Fools Tavern,Ne14111950,9295318015,3211 Central Avenue Northeast Albuquerque,New Mexico,1400,2300,0.07
Slice Parlor,Ne10284418,8998064040,3410 Central Avenue Southeast Albuquerque,New Mexico,1000,2300,0.07
Monte Vista Fire Station Restaurant,Ne55563191,7785530553,3201 Central Avenue Northeast Albuquerque,New Mexico,1100,200,0.07
Scalo Northern Italian Grill,Ne12684426,4063107693,3500 Central Avenue Southeast Albuquerque,New Mexico,1000,2400,0.07
Gecko's Nob Hill,Ne68866082,2721329859,3500 Central Avenue Southeast Albuquerque,New Mexico,1100,200,0.07
Kellys Brew Pub,Ne57941251,3326968773,3222 Central Avenue Southeast Albuquerque,New Mexico,1400,100,0.07
Yanni's Mediterranean Restaurant and Lemoni Lounge,Ne56332742,4247498759,2215 3109 Central Avenue Northeast Albuquerque,New Mexico,1300,2400,0.07
Nob Hill | Bar & Grill,Ne46229148,6404078043,3128 Central Avenue Southeast Albuquerque,New Mexico,1200,100,0.07
Imbibe Nob Hill,Ne90355881,1065813099,3101 Central Avenue Northeast Albuquerque,New Mexico,1000,2300,0.07
Bistronomy B2B,Ne41499982,3914936423,3118 Central Avenue Southeast Albuquerque,New Mexico,1400,2300,0.07
Canvas Artistry,Ne00269893,2187194700,3120 Central Avenue Southeast Albuquerque,New Mexico,1100,300,0.07
Crazy Fish,Ne17955523,3916632166,3015 Central Avenue Northeast Albuquerque,New Mexico,1000,300,0.07
Zinc Wine Bar & Bistro,Ne69138058,5773232943,3009 Central Avenue Northeast Albuquerque,New Mexico,1200,100,0.07
Safari Grill,Ne78526662,7003784339,3001 Central Avenue Northeast Albuquerque,New Mexico,1300,300,0.07
Albuquerque Social Club,Ne14900996,4610564221,4021 Central Avenue Northeast Albuquerque,New Mexico,1300,200,0.07
Carraro's & Joe's Place,Ne12938487,6617891126,108 Vassar Drive Southeast Albuquerque,New Mexico,1000,2300,0.07
Terrene Hookah,Ne15449992,6184121557,2823 106 Vassar Drive Southeast Albuquerque,New Mexico,1300,200,0.07
SideCar,Ar68878149,5407940269,139 South Eastbourne Avenue Tucson,Arizona,1300,2400,0.04
Sun Riders Old Clubhouse,Ar63087917,6422749048,East 6th Street Tucson,Arizona,1100,100,0.04
PJ Subs T6 Filling Station,Ar68022799,8110953707,2500 East 6th Street Tucson,Arizona,1200,300,0.04
P J Subs,Ar56836656,3301376671,2500 East 6th Street Tucson,Arizona,1200,100,0.04
Bob Dobb's Bar & Grill,Ar71635083,5519022511,2501 East 6th Street Tucson,Arizona,1300,2400,0.04
Claim Jumper Restaurants,Ar00507923,9828662733,3761 East Broadway Boulevard Tucson,Arizona,1200,300,0.04
Silver Room,Ar32795423,1091980997,673 South Plumer Avenue Tucson,Arizona,1400,2400,0.04
Native Grill & Wings,Ar45601612,2102080369,3100 East Speedway Boulevard Tucson,Arizona,1400,200,0.04
Red Garter Bar & Grill,Ar84605283,0038939636,3143 East Speedway Boulevard Tucson,Arizona,1000,300,0.04
Starbucks,Ar65904331,3180363313,3025 East Speedway Boulevard Tucson,Arizona,1000,2300,0.04
Fresco Pizzeria & Pastaria,Ar46688547,4096281228,3011 East Speedway Boulevard Tucson,Arizona,1400,200,0.04
Casa Film Bar,Ar40645088,8478656760,2905 East Speedway Boulevard Tucson,Arizona,1200,300,0.04
The 1925 Bar & Grill,Ar08543099,3250092832,600 South Alvernon Way Tucson,Arizona,1200,100,0.04
Izumi Sushi  Seafood & Bar,Ar57806898,3793698107,3655 East Speedway Boulevard Tucson,Arizona,1300,300,0.04
Bashful Bandit,Ar70550878,7481002725,3686 East Speedway Boulevard Tucson,Arizona,1400,200,0.04
Trident Grill,Ar51604557,5424588998,2033 East Speedway Boulevard Tucson,Arizona,1000,300,0.04
Dirtbags,Ar97660726,9617380744,1800 East Speedway Boulevard Tucson,Arizona,1100,2300,0.04
1702 Craft Beer and Pizza,Ar02261234,0126643386,1702 East Speedway Boulevard Tucson,Arizona,1300,100,0.04
Wooden Nickel,Ar94402477,3850823670,1908 South Country Club Road Tucson,Arizona,1400,300,0.04
Audubon Bar,Ar50663254,2317211030,2200 East Elm Street Tucson,Arizona,1400,2300,0.04
El Molino Rojo,Ca68637989,6412525225,481 North Fresno Street Fresno,California,1100,2300,0.07
Small Change Bass Club,Ca99129098,9190695643,408 North Blackstone Avenue Fresno,California,1400,2400,0.07
Richard’s,Ca47643591,6260567038,1609 East Belmont Avenue Fresno,California,1000,200,0.07
Tha Basement,Ca78090008,1157396849,4164 East Olive Avenue Fresno,California,1200,100,0.07
HoP PK,Ca82975769,8269211765,820 Van Ness Avenue Fresno,California,1300,200,0.07
Mezcal Lounge,Ca37588271,5491802193,1310 Van Ness Avenue Fresno,California,1100,300,0.07
Kocky’s Bar & Grill,Ca82798798,3050037004,1231 Van Ness Avenue Fresno,California,1100,100,0.07
Tioga-Sequoia Brewing Company Beer Garden,Ca18030648,5500552118,745 Fulton Street Fresno,California,1400,200,0.07
Alibi,Ca68504850,4083020216,4538 East Belmont Avenue Fresno,California,1400,100,0.07
Tattooshop,Ca94365751,2546271430,1416 Broadway Street Fresno,California,1200,300,0.07
Sandy's Place LLC,Ca63864310,4994838687,1842 East McKinley Avenue Fresno,California,1400,2300,0.07
Fulton 55,Ca58573529,4669012516,875 Divisadero Street Fresno,California,1200,100,0.07
The Red Lantern,Ca49508402,7833540153,4618 East Belmont Avenue Fresno,California,1200,2300,0.07
705 xxxtra black ink.,Ca32723918,8786391336,45227415 Fresno,California,1400,300,0.07
La Fiesta bar,Ca61820241,0903117447,844 F Street Fresno,California,1400,200,0.07
El Patio Club,Ca83780930,5885956169,818 F Street Fresno,California,1400,2400,0.07
Veni Vidi Vici,Ca70213254,9544050803,1116 North Fulton Street Fresno,California,1400,2400,0.07
Full Circle Brewing Co.,Ca67928875,1107736029,620 F Street Fresno,California,1400,300,0.07
Strummer's Bar & Grill,Ca32848965,6971797482,833 East Fern Avenue Fresno,California,1100,200,0.07
Pinot Wine Bar and Bistro,Ca28007265,3855899535,805 East Olive Avenue Fresno,California,1000,2400,0.07
Ancho Mexican Grill,Ca97964687,8450815865,855 J Street Sacramento,California,1200,2300,0.07
Grange,Ca28489880,8239464892,926 J Street Sacramento,California,1200,2400,0.07
Ten Ten Room,Ca63622691,5148967089,1010 10th Street Sacramento,California,1100,100,0.07
Pre Flite Lounge,Ca85246534,4937512123,1011 10th Street Sacramento,California,1200,100,0.07
Image Lounge,Ca89373327,9741838568,705 J Street Sacramento,California,1400,200,0.07
Chambers Room,Ca57296158,2033358691,701 J Street Sacramento,California,1200,300,0.07
Coin-Op Game Room,Ca97813423,1178986563,908 K Street Sacramento,California,1000,100,0.07
Claim Jumper Restaurants,Ca91892737,0939765957,1111 J Street Sacramento,California,1000,2300,0.07
Malt & Mash Irish Pub,Ca89828680,0967722514,715 K Street Sacramento,California,1300,2300,0.07
Blue Prynt,Ca32323091,5506158463,815 11th Street Sacramento,California,1300,2300,0.07
Tiger Bar and Restaurant,Ca92021341,0709019453,722 K Street Sacramento,California,1300,300,0.07
Henry's Lounge,Ca84740406,5024895223,1117 9th Street Sacramento,California,1100,2400,0.07
Ruhstaller BSMT,Ca95940409,2227298059,726 K Street Sacramento,California,1400,2400,0.07
Dive Bar,Ca06049646,1731453844,1016 K Street Sacramento,California,1100,100,0.07
District 30,Ca27271867,6416964739,1022 K Street Sacramento,California,1100,2300,0.07
Fizz Champagne & Bubbles Bar,Ca29625682,0070463767,615 David J Stern Walk #105 Sacramento,California,1400,100,0.07
The Diplomat Steakhouse,Ca70587865,9517533215,1117 11th Street Sacramento,California,1400,100,0.07
Ella Dining Room & Bar,Ca91367249,9917483218,1131 K Street Sacramento,California,1100,100,0.07
Cask,Ca69827700,1452579159,500 David J Stern Walk Sacramento,California,1200,300,0.07
Echo & Rig  Butcher  Steakhouse and Cocktails,Ca80090553,8807967626,500 NW J Street Suite 150 Sacramento,California,1100,200,0.07
Flibber,Ca65203876,0398422039,Long Beach,California,1200,300,0.07
Walk Way Long Beach,Ca15568713,0934156886,Long Beach,California,1300,2300,0.07
R Bar,Ca51545589,8366989886,106 West 3rd Street Long Beach,California,1100,2400,0.07
The Vapor Underground,Ca80835631,3506458663,207 Pine Avenue Long Beach,California,1100,2300,0.07
Joe R's Cigars,Ca06495362,4989163701,107 West Broadway Long Beach,California,1300,2400,0.07
Shannon's On Pine Irish Pub & Sports Bar,Ca21955094,5454438067,209 Pine Avenue Long Beach,California,1100,2300,0.07
Agaves kitchen | tequila,Ca17385994,5617234038,200 Pine Avenue Long Beach,California,1400,2300,0.07
Gaucho Grill,Ca40618581,6857742946,200 Pine Avenue Long Beach,California,1200,200,0.07
Octopus Japanese Restaurant,Ca01290126,9533259464,200 Pine Avenue Long Beach,California,1100,2300,0.07
La Traviata,Ca65034850,6434463417,301 North Cedar Avenue Long Beach,California,1300,200,0.07
Agaves Ultra Lounge,Ca02562490,0255699013,200 Pine Avenue Long Beach,California,1100,200,0.07
George's Greek Cafe,Ca75174549,7895218950,135 Pine Avenue Long Beach,California,1400,300,0.07
BO-beau kitchen + roof tap,Ca87281678,2957456654,144 South Pine Avenue Long Beach,California,1100,2400,0.07
Cafe Sevilla,Ca29953036,9076450126,140 Pine Avenue Long Beach,California,1000,2400,0.07
Hamburger Mary's,Ca86818513,0080639308,330 Pine Avenue Long Beach,California,1000,200,0.07
The Harbor,Ca13754093,8635450095,130 Pine Avenue Long Beach,California,1400,2300,0.07
Public Beer Wine Shop,Ca05074014,7837389631,121 West 4th Street Long Beach,California,1400,2300,0.07
The 4th Horseman,Ca46730038,4242896878,121 West 4th Street Long Beach,California,1300,2400,0.07
L'Opera Italian Restaurant,Ca00725359,0124222240,101 Pine Avenue Long Beach,California,1000,100,0.07
The Federal Long Beach,Ca43207095,4577855624,102 Pine Avenue Long Beach,California,1000,2400,0.07
Zoo Bar,Mi28843747,7165429146,1220 McGee Street Kansas City,Missouri,1200,2400,0.04
Prohibition Hall,Mi73046720,3106080931,1118 McGee Street Kansas City,Missouri,1300,2400,0.04
Johnny's Tavern,Mi53950601,1523039911,1310 Grand Boulevard Kansas City,Missouri,1000,200,0.04
Howl at the Moon Kansas City,Mi20222354,2206159539,1334 Grand Boulevard Kansas City,Missouri,1400,100,0.04
Pizza Bar,Mi12297175,2363343172,1320 Grand Boulevard Kansas City,Missouri,1100,2300,0.04
Shark Bar,Mi95588132,7561382347,1340 Grand Boulevard Kansas City,Missouri,1300,2400,0.04
McFadden's Sports Saloon,Mi02382059,5625908764,2907 1330 Grand Boulevard Kansas City,Missouri,1100,200,0.04
McFadden's Sport Saloon,Mi08785051,7403740853,1300 Grand Boulevard Kansas City,Missouri,1200,100,0.04
PBR Big Sky: A Coors Banquet Bar,Mi54557588,5013450528,111 East 13th Street Kansas City,Missouri,1200,300,0.04
Flying Saucer Draught Emporium,Mi73925880,8771576263,101 East 13th Street Kansas City,Missouri,1400,100,0.04
Leinenkugel's KC,Mi53503918,7262190509,1323 Walnut Street Kansas City,Missouri,1100,100,0.04
Angel's Rock Bar,Mi82922491,2499700415,1323 Walnut Street Kansas City,Missouri,1100,100,0.04
Leinenkugel's Kansas City,Mi37549726,3325605985,1323 Walnut Street Kansas City,Missouri,1400,100,0.04
Mosaic,Mi99517761,6728935096,1331 Walnut Street Kansas City,Missouri,1100,300,0.04
No Other Pub by Sporting KC,Mi42087367,2524317999,1370 Grand Boulevard Kansas City,Missouri,1100,2300,0.04
The Dubliner,Mi54882406,4787089155,170 East 14th Street Kansas City,Missouri,1400,2400,0.04
Burger King,Mi63897496,8535244021,1350 Walnut Street Kansas City,Missouri,1000,200,0.04
Bar Louie,Mi34300384,6906259713,101 East 14th Street Kansas City,Missouri,1400,100,0.04
801 Chophouse,Mi02886337,2422322584,71 East 14th Street Kansas City,Missouri,1100,200,0.04
Yard House,Mi91464692,6015795534,1300 Main Street Kansas City,Missouri,1100,2300,0.04
Margaritas Grill,Ar12673853,8119460753,10 West Main Street Mesa,Arizona,1000,2300,0.04
The Nile Coffee Shop,Ar57849708,9657055503,7309 105 West Main Street Mesa,Arizona,1100,2400,0.04
Cabo Tequila Bar,Ar27307041,8348555483,30 South Robson Mesa,Arizona,1000,200,0.04
Diamond's Sports Grille,Ar06062613,0349803585,161 North Centennial Way Mesa,Arizona,1400,100,0.04
Oro Brewing Company,Ar07748700,4299885551,210 West Main Street Mesa,Arizona,1400,200,0.04
Centennial Grill,Ar46172015,2302345476,200 North Centennial Way Mesa,Arizona,1100,200,0.04
il Vinaio,Ar14598464,0896181307,270 West Main Street Mesa,Arizona,1200,2400,0.04
Perla Negra Mexican Seafood,Ar82787254,8218122797,61 East University Drive Mesa,Arizona,1200,100,0.04
The Original Blue Adobe Grille,Ar78398539,6002407121,144 North Country Club Drive Mesa,Arizona,1300,200,0.04
Cellar Pub,Ar78446664,0305283287,Mesa,Arizona,1400,200,0.04
Gabby's Sports Bar and Grill,Ar54722246,6706866118,635 North Country Club Drive Mesa,Arizona,1400,2300,0.04
Hambone Sports Bar & Grill,Ar06063548,5056797571,903 East Main Street Mesa,Arizona,1200,200,0.04
Allegiant Arms,Ar18178910,5316764022,North Fraser Drive Mesa,Arizona,1200,300,0.04
Kay's Place,Ar95238378,7251685141,315 South Alma School Road Mesa,Arizona,1000,2400,0.04
Dasha Nails & Spa,Ar75653246,0305142278,1119 South Mesa Drive Suite 02 Mesa,Arizona,1200,100,0.04
Native Grill & Wings - Mesa Drive,Ar24456436,3891317922,318 East Brown Road #112 Mesa,Arizona,1100,2300,0.04
Los Dos Molinos,Ar24115107,0712458801,260 South Alma School Road #137 Mesa,Arizona,1300,2300,0.04
Mesa Drummer,Ar69933630,2614548281,1211 North Country Club Drive #8 Mesa,Arizona,1100,200,0.04
Septembers Bar & Grill,Ar02120399,2815693041,500 West Southern Avenue Mesa,Arizona,1000,2300,0.04
Rita's Restaurant & Cantina,Ar27589894,8821540497,1264 West University Drive Mesa,Arizona,1400,2300,0.04
Kiland,Vi11403605,3546766047,Virginia Beach,Virginia,1300,300,0.06
CP Shuckers Cafe & Raw Bar,Vi18099375,4388792049,2407 Pacific Avenue Virginia Beach,Virginia,1100,300,0.06
Harpoon Larry's Oyster Bar,Vi75330882,1819189480,216 24th Street Virginia Beach,Virginia,1400,2300,0.06
Hook Up Cafe,Vi82764104,2622931263,2312 Atlantic Avenue Virginia Beach,Virginia,1100,200,0.06
Doc Taylor's Restaurant,Vi37827464,6912648976,207 23rd Street Virginia Beach,Virginia,1100,2300,0.06
Surf Bar and Grill,Vi18827722,3901317226,2604 Atlantic Avenue Virginia Beach,Virginia,1100,300,0.06
Maih Bar,Vi36545332,6009004478,Virginia Beach,Virginia,1400,2300,0.06
Abbey Road Pub & Restaurant,Vi78421494,1516548138,203 22nd Street Virginia Beach,Virginia,1000,2400,0.06
Beachside Social,Vi04424076,9392880277,2728 Atlantic Avenue Virginia Beach,Virginia,1400,300,0.06
H Bar,Vi90674881,6651042642,2705 Atlantic Avenue Virginia Beach,Virginia,1100,100,0.06
Ocean 27,Vi90501442,0359576281,2705 Atlantic Avenue Virginia Beach,Virginia,1000,2300,0.06
Lunasea,Vi75936740,7524798745,206 22nd Street Virginia Beach,Virginia,1300,200,0.06
Cactus Jack's Southwest Grill,Vi91260484,8149133217,2736 Atlantic Avenue Virginia Beach,Virginia,1200,2400,0.06
Repeal Bourbon & Burgers,Vi31600085,4573973673,202 22nd Street Virginia Beach,Virginia,1300,200,0.06
Spot Pizza & Bar,Vi43031415,5406787571,2118 Atlantic Avenue Virginia Beach,Virginia,1400,100,0.06
Chemistry,Vi68266653,6864776887,2114 Atlantic Avenue Virginia Beach,Virginia,1300,2300,0.06
The Bunker Brewpub & Cadence Hall,Vi96179123,4032338530,211 21st Street Virginia Beach,Virginia,1100,2400,0.06
Sandbar Pizza & Grill,Vi83647592,5863762804,2110 Atlantic Avenue Virginia Beach,Virginia,1300,300,0.06
The Edge,Vi98691207,3101380879,2108 Atlantic Avenue Virginia Beach,Virginia,1400,200,0.06
Peabody's Nightclub,Vi82707413,9729085729,209 21st Street Virginia Beach,Virginia,1000,200,0.06
El Molcajete Bar,Ge56620760,8567765519,14 -0077-0011-001-4 Atlanta,Georgia,1200,2400,0.12
Future,Ge00211369,2066365216,50 Lower Alabama Street Atlanta,Georgia,1200,200,0.12
Aroma Paradise Bar,Ge63165398,7414560842,Atlanta,Georgia,1000,200,0.12
Kenny's Alley,Ge05902861,9743048783,50 Upper Alabama Street Atlanta,Georgia,1000,2400,0.12
Artisans Bar & Gallery,Ge08007076,4324170816,140 Peachtree Street Southwest Atlanta,Georgia,1400,300,0.12
55th & Park Restaurant & Lounge,Ge41606356,7263717230,55 Park Place Northeast Atlanta,Georgia,1000,300,0.12
WildPitch Underground,Ge94402535,0552803488,255 Trinity Avenue Southwest Atlanta,Georgia,1300,2400,0.12
Signature Lounge,Ge59881102,9207628826,255 Trinity Avenue Southwest Atlanta,Georgia,1300,2400,0.12
Icon Lounge,Ge26239736,3691927082,257 Trinity Avenue Southwest Atlanta,Georgia,1100,2400,0.12
Bada Bings Bourbon  Beer & Burgers,Ge72930039,5501516034,349 Decatur Street Southeast Atlanta,Georgia,1300,100,0.12
Magic City,Ge76926008,8175542888,241 Forsyth Street Southwest Atlanta,Georgia,1300,300,0.12
Sidebar,Ge81614946,9631193131,79 Poplar Street Northwest Atlanta,Georgia,1400,100,0.12
Slice Downtown,Ge79573937,1608857500,85 Poplar Street Northwest Atlanta,Georgia,1000,300,0.12
M Bar Ultra Lounge,Ge09433792,1333456935,186 Auburn Avenue Northeast Atlanta,Georgia,1100,2300,0.12
Auburn Pizza Lounge,Ge79371360,6749141414,186 Auburn Avenue Northeast Atlanta,Georgia,1400,100,0.12
Milk & Honey Bartending,Ge35363983,6099397752,73-97 Ted Turner Drive Northwest Atlanta,Georgia,1000,2300,0.12
Sweet Auburn Seafood,Ge31686797,9676420817,171 Auburn Avenue Northeast P Atlanta,Georgia,1200,2300,0.12
Thrive,Ge63745271,7146246658,Centennial Tower 1st 101 Marietta Street NorthWest Atlanta,Georgia,1000,2400,0.12
Village Theatre,Ge11440698,1744521690,349 Decatur Street Southeast Atlanta,Georgia,1300,300,0.12
Smoke Ring,Ge42363327,5218684061,309 Nelson Street Southwest Atlanta,Georgia,1300,300,0.12
Springs Orleans,Co18186518,5808388897,123 East Pikes Peak Avenue Colorado Springs,Colorado,1400,200,0.05
The Ute & Yeti,Co06076860,5216433909,21 North Nevada Avenue Colorado Springs,Colorado,1400,100,0.05
Johnny Martin's Car Central,Co66192125,6681630672,1 South Nevada Avenue #110 Colorado Springs,Colorado,1200,2300,0.05
Kimball's Wine Bar,Co87840073,6276871653,113 East Pikes Peak Avenue Colorado Springs,Colorado,1100,200,0.05
The Archives,Co17962315,3925253863,15 South Tejon Street Colorado Springs,Colorado,1200,300,0.05
Cowboys,Co29584858,7985983071,25 North Tejon Street Colorado Springs,Colorado,1300,200,0.05
Jack Quinn's Irish Pub and Restaurant,Co84496039,0117077081,21 South Tejon Street Colorado Springs,Colorado,1200,2300,0.05
Famous Steak House,Co70432934,8280135723,31 North Tejon Street Colorado Springs,Colorado,1400,2400,0.05
Brewer's Republic,Co17482244,0028510438,112 North Nevada Avenue Colorado Springs,Colorado,1400,300,0.05
The Rabbit Hole,Co81387703,4022238815,101 North Tejon Street Colorado Springs,Colorado,1400,200,0.05
The Melting Pot,Co43821833,1256065525,30 East Pikes Peak Avenue A Colorado Springs,Colorado,1000,2300,0.05
The Mezzanine,Co78017010,0487500730,20 North Tejon Street Colorado Springs,Colorado,1000,2300,0.05
Blondie's,Co22073143,9456508926,24 North Tejon Street Colorado Springs,Colorado,1100,2400,0.05
Gasoline Alley,Co35103000,6728065662,28 North Tejon Street Colorado Springs,Colorado,1200,100,0.05
Red Martini,Co79856315,8662474763,26 North Tejon Street Colorado Springs,Colorado,1300,2400,0.05
Fratelli Ristorante Italiano,Co38111713,9000362244,124 North Nevada Avenue Colorado Springs,Colorado,1400,100,0.05
The Thirsty Parrot Bar & Grill,Co77213831,4775693629,32 South Tejon Street Colorado Springs,Colorado,1300,100,0.05
Painting with a Twist - Downtown Co Springs,Co57693697,8501287595,115 North Tejon Street Colorado Springs,Colorado,1100,2400,0.05
Chiba Bar,Co70421853,1990740406,19 East Kiowa Street Colorado Springs,Colorado,1300,100,0.05
Whiskey Dick's,Co11632478,0785119298,26 East Kiowa Street Colorado Springs,Colorado,1100,2400,0.05
J. Coco,Ne31476328,4303759533,5203 Leavenworth Street Omaha,Nebraska,1200,2400,0.01
O'Leaver's Pub,Ne89124100,8442144443,1322 Saddle Creek Road Omaha,Nebraska,1400,200,0.01
Goldbergs in Dundee,Ne65111803,3367197909,5008 Dodge Street Omaha,Nebraska,1400,300,0.01
Tracks Lounge,Ne83315799,7811899533,1506 South 60th Street Omaha,Nebraska,1400,2300,0.01
Pageturners Lounge,Ne51592344,1113964029,5004 Dodge Street Omaha,Nebraska,1000,300,0.01
The Neighber's,Ne93628170,2995375275,1420 4689 Leavenworth Street Omaha,Nebraska,1200,2300,0.01
Varsity Sports Cafe and Roman Coin Pizza - Dundee,Ne54498889,6369346450,4900 Dodge Street Omaha,Nebraska,1200,100,0.01
Leavenworth Bar,Ne52748949,4582256896,4556 Leavenworth Street Omaha,Nebraska,1400,2300,0.01
The Elbow Room,Ne07152207,9325780095,4973 Center Street Omaha,Nebraska,1300,100,0.01
Rathskeller Bier Haus,Ne44425190,0486164437,4524 Farnam Street Omaha,Nebraska,1400,2400,0.01
Pitch Pizzeria,Ne77179699,7679934842,5021 Underwood Avenue Omaha,Nebraska,1400,300,0.01
Dundee Cork & Bottle,Ne11672701,3132013321,614 North 50th Street Omaha,Nebraska,1400,2300,0.01
Dell Enterprises Inc,Ne13944012,6254872077,5007 Underwood Avenue Omaha,Nebraska,1000,2300,0.01
Dundee Dell,Ne40985374,5185514924,5007 Underwood Avenue Omaha,Nebraska,1400,100,0.01
Marks Food  Wine  and Spirit,Ne87677485,1105921695,4916 Underwood Avenue Omaha,Nebraska,1300,2400,0.01
Dario's Brasserie,Ne22440407,6118476823,4920 Underwood Avenue Omaha,Nebraska,1000,200,0.01
Underwood Bar,Ne08416086,2246472428,4918 Underwood Avenue Omaha,Nebraska,1200,2400,0.01
Jambo Cat,Ne24526062,1233690125,4916 Underwood Avenue Omaha,Nebraska,1400,2400,0.01
The B. Bar,Ne72754894,2034859428,4330 Leavenworth Street Omaha,Nebraska,1000,2400,0.01
Castle Barrett,Ne90023358,9734568903,4330 Leavenworth Street Omaha,Nebraska,1000,100,0.01
Centro,No94652353,7637405163,106 South Wilmington Street Raleigh,North Carolina,1200,300,0.06
Gallo Pelón Mezcaleria,No63047191,2420497261,106 South Wilmington Street Raleigh,North Carolina,1100,100,0.06
Paddy O Beers,No16804473,3206605335,121 Fayetteville Street #114 Raleigh,North Carolina,1300,2400,0.06
Sitti,No98913678,7420222316,137 South Wilmington Street Raleigh,North Carolina,1300,2300,0.06
Capital City Tavern,No64859169,5482724181,112 Fayetteville Street Raleigh,North Carolina,1000,100,0.06
Landmark Tavern,No60133451,8408729758,117 East Hargett Street Raleigh,North Carolina,1300,200,0.06
London Bridge Pub,No33825658,3643760367,110 East Hargett Street Raleigh,North Carolina,1000,2400,0.06
The Architect Bar & Social House,No90548018,3299051708,108 East Hargett Street Raleigh,North Carolina,1200,100,0.06
The Green Light,No66849683,4296640275,108 East Hargett Street Raleigh,North Carolina,1000,2300,0.06
The Raleigh Times,No15811750,8173967509,14 East Hargett Street Raleigh,North Carolina,1000,200,0.06
The Anchor Bar,No88014369,4460014004,207 Fayetteville Street Raleigh,North Carolina,1300,100,0.06
FOUNDATION,No38202143,8203677480,213 Fayetteville Street Raleigh,North Carolina,1000,2300,0.06
Watts & Ward,No86853453,5473190996,200 South Blount Street Raleigh,North Carolina,1000,100,0.06
Level Up,No23681871,8925970203,126 South Salisbury Street Raleigh,North Carolina,1300,2300,0.06
Pizza La Stella,No93818281,7110126665,219 Fayetteville Street Raleigh,North Carolina,1100,100,0.06
Trophy Brewing Tap and Table,No79713247,8546399302,225 South Wilmington Street Raleigh,North Carolina,1400,2300,0.06
Slims Raleigh,No08562834,4706263704,227 South Wilmington Street Raleigh,North Carolina,1200,100,0.06
Coglin's Raleigh,No87568976,0487290447,226 Fayetteville Street Raleigh,North Carolina,1400,100,0.06
Mecca Restaurant,No05673631,3058981157,13 East Martin Street Raleigh,North Carolina,1400,200,0.06
Fox Liquor Bar,No07837353,7647169086,237 South Wilmington Street (Entrance on Martin St.) Raleigh,North Carolina,1100,2300,0.06
Groves bar,Fl85225049,6622925304,1170 Southeast 12th Terrace Miami,Florida,1000,200,0.06
Drakes,Fl80634231,2641347467,1109 Brickell Avenue Miami,Florida,1400,200,0.06
The Bar at Level 25,Fl25801252,0436428754,1395 Brickell Avenue Miami,Florida,1100,2400,0.06
The Arketekt by Aficionados,Fl44867831,2504424567,1200 Brickell Bay Drive #107 Miami,Florida,1100,2400,0.06
Aficionados Brickell,Fl87685724,5756791721,1200 Brickell Bay Drive #105 Miami,Florida,1000,200,0.06
SLS Brickell Hotel & Residence,Fl24218810,4364486873,1300 South Miami Avenue Miami,Florida,1400,2400,0.06
Below Zero Marketing LLC,Fl53415639,0034660586,1060 Brickell Avenue Miami,Florida,1400,2400,0.06
Tabhu,Fl38419836,1108673367,1060 Brickell Avenue Miami,Florida,1000,2300,0.06
Novecento - Restaurant Brickell,Fl09569297,6147821202,1414 Brickell Avenue Miami,Florida,1200,200,0.06
Vares Brickell,Fl59458815,9793202110,1250 South Miami Avenue Miami,Florida,1100,2400,0.06
Caña Restaurant and Lounge,Fl76640465,3761918923,1102 Brickell Bay Drive Miami,Florida,1000,2300,0.06
BLUME Nightclub,Fl56400296,2560988968,1421 South Miami Avenue Miami,Florida,1000,2300,0.06
Barsecco,Fl10771145,7210681486,1421 South Miami Avenue Miami,Florida,1200,100,0.06
Prime Cigar & Whiskey Bar,Fl40236710,8692924060,1106 South Miami Avenue Miami,Florida,1200,100,0.06
Batch Gastropub: Miami,Fl26235724,1186961231,30 Southwest 12th Street Miami,Florida,1300,100,0.06
Casa De Montecristo by Prime Cigar & Whiskey Bar,Fl04217723,9746727298,1106 South Miami Avenue #202 Miami,Florida,1400,2400,0.06
Gyu-Kaku Japanese BBQ,Fl04381199,5971143371,34 Southwest 13th Street r1 Miami,Florida,1100,300,0.06
Rik Rak Salon,Fl22072061,2468340964,1428 Brickell Avenue Miami,Florida,1200,300,0.06
Seven Met Suites,Fl72876201,8775234062,40 Southwest 13th Street #301 Miami,Florida,1000,2400,0.06
Crazy About You,Fl29721660,1356507753,1155 Brickell Bay Drive #101 Miami,Florida,1400,100,0.06
Downtown Wine Merchants,Ca86141851,0499179997,102 Frank H Ogawa Plaza Oakland,California,1200,200,0.07
The Golden Bull Bar,Ca36939187,5379298740,412 14th Street Oakland,California,1000,300,0.07
Venue Oakland,Ca65806010,1563513613,420 14th Street Oakland,California,1200,2400,0.07
Analog,Ca64461076,5924313232,414 14th Street Oakland,California,1100,300,0.07
Mockingbird,Ca68524236,9881536928,416 13th Street Oakland,California,1000,300,0.07
Awaken Cafe,Ca35730208,6689899786,1429 Broadway Oakland,California,1300,100,0.07
Radio,Ca90488786,2950982191,435 13th Street Oakland,California,1300,200,0.07
The Hatch,Ca09523446,4772025647,402 15th Street Oakland,California,1100,2400,0.07
Five 10 Pizza,Ca20609327,0355766798,400 15th Street Oakland,California,1200,300,0.07
The Layover,Ca20307587,2168584288,1517 Franklin Street Oakland,California,1400,300,0.07
Cafe Van Kleef,Ca80327152,8323235354,1621 Telegraph Avenue Oakland,California,1200,200,0.07
Dogwood,Ca15825585,2620854880,1644 Telegraph Avenue Oakland,California,1100,2400,0.07
The Payback,Ca83685943,5068355664,1618 Franklin Street Oakland,California,1200,100,0.07
Tay Ho Oakland Restaurant & Bar,Ca62158439,2548781147,344 12th Street Oakland,California,1400,2400,0.07
Halftime Sports Bar,Ca09562021,0716827167,316 14th Street Oakland,California,1300,2400,0.07
Hello Stranger,Ca73028265,6399390467,1724 Broadway Oakland,California,1400,2300,0.07
Somar Bar,Ca36678767,3389874611,1727 Telegraph Avenue Oakland,California,1300,200,0.07
Industry 151 LLC,Ca80213582,4637440301,1727 Telegraph Avenue Oakland,California,1400,300,0.07
Penelope,Ca85846394,8965467941,Clay St & 11th St Oakland,California,1400,2400,0.07
Spice Monkey Restaurant & Bar,Ca10182872,8338534502,1628 Webster Street Oakland,California,1200,200,0.07
Muddy Waters,Mi57313179,4701304592,398-300 South 4th Street Minneapolis,Minnesota,1400,2300,0.06
Truth Bar,Mi09662672,5258023549,310 South 4th Avenue Minneapolis,Minnesota,1200,2400,0.06
Bar Zia,Mi89452516,3774857007,420 South 4th Street Minneapolis,Minnesota,1300,100,0.06
Atlas Grill & Clubroom,Mi25685730,2350418699,200 South 6th Street Minneapolis,Minnesota,1100,2300,0.06
Eastside Eat + Drink,Mi27242260,6241605155,305 South Washington Avenue Minneapolis,Minnesota,1100,300,0.06
Sphere,Mi71953646,3726468412,100 South 5th Street Minneapolis,Minnesota,1200,100,0.06
Hop21 Table Tennis Club & Bar,Mi30452889,5507351950,501 South Washington Avenue Minneapolis,Minnesota,1200,2300,0.06
Crooked Pint Ale House,Mi33369199,5346789663,501 South Washington Avenue Minneapolis,Minnesota,1300,2300,0.06
eagleBOLTbar,Mi29925689,0236958333,515 South Washington Avenue Minneapolis,Minnesota,1100,300,0.06
Mercury Dining Room and Rail,Mi39714439,7718651482,505 South Marquette Avenue Minneapolis,Minnesota,1300,2300,0.06
The Six15 Room,Mi36804436,5746334430,615 2nd Avenue South Minneapolis,Minnesota,1000,300,0.06
OUI Bar + KTCHN,Mi73425137,2845387523,609 South 3rd Street Minneapolis,Minnesota,1000,2400,0.06
Dan Kelly's Pub,Mi39068375,1286633661,212 South 7th Street Minneapolis,Minnesota,1300,200,0.06
Krona Bar & Grill Restaurant,Mi84870843,0920703533,618 2nd Avenue South Minneapolis,Minnesota,1100,200,0.06
Sawatdee Thai Restaurant,Mi81988203,1323465773,607 South Washington Avenue Minneapolis,Minnesota,1200,100,0.06
BANK Restaurant,Mi16197372,8723720372,88 South 6th Street Minneapolis,Minnesota,1200,100,0.06
Minnesota Bar Review,Mi45068669,3481662392,701 South 4th Avenue #1710 Minneapolis,Minnesota,1400,2300,0.06
Smith & Porter | Restaurant + Bar,Mi92688146,2744845117,428 South 2nd Street Minneapolis,Minnesota,1000,300,0.06
Zen Box Izakaya,Mi49183113,3777795216,602 South Washington Avenue Minneapolis,Minnesota,1400,100,0.06
HopCat Minneapolis,Mi20406788,2724992784,435 Nicollet Mall Minneapolis,Minnesota,1400,2400,0.06
Deco District,Ok71132437,3044498214,Tulsa,Oklahoma,1200,200,0.1
La iguana,Ok18585120,4820273597,199 South Boulder Avenue West Tulsa,Oklahoma,1100,2400,0.1
Daily Grill,Ok84534630,4817565825,100 East 2nd Street Tulsa,Oklahoma,1200,300,0.1
Parker Building,Ok30414985,0333144428,8 East 3rd Street Tulsa,Oklahoma,1000,2300,0.1
MixCo,Ok64478565,5624249357,3rd and Denver Tulsa,Oklahoma,1100,100,0.1
Bar 46,Ok38522452,7170432524,107 North Boulder Avenue Tulsa,Oklahoma,1100,2300,0.1
Mainline Art & Cocktails,Ok61410167,2661809105,111 North Main Street Tulsa,Oklahoma,1200,100,0.1
Enso Bar,Ok42869100,6332035635,104 South Detroit Avenue Tulsa,Oklahoma,1000,100,0.1
Elote Restaurant & Catering,Ok05028930,3299785187,514 South Boston Avenue Tulsa,Oklahoma,1100,2300,0.1
Yokozuna,Ok01421063,6317298679,309 East 2nd Street Tulsa,Oklahoma,1000,2400,0.1
Classic Cigars & Lounge,Ok14974456,0416939152,118 North Boston Avenue Tulsa,Oklahoma,1000,2400,0.1
Joe Momma's,Ok50516432,6768419456,308 East 1st Street Tulsa,Oklahoma,1400,300,0.1
The Tavern,Ok69980087,9305056764,201 North Main Street Tulsa,Oklahoma,1400,200,0.1
The Lounge Aka Bull In The Alley,Ok70993034,0741919669,11 East Mathew B. Brady Street Tulsa,Oklahoma,1300,300,0.1
Saturn Room,Ok04631551,1148719263,209 North Boulder Avenue Tulsa,Oklahoma,1100,2400,0.1
Valkyrie,Ok08968923,5454715656,13 East Mathew B. Brady Street Tulsa,Oklahoma,1200,200,0.1
Caz's Pub,Ok41625607,7437579196,21 East Mathew B. Brady Street Tulsa,Oklahoma,1100,100,0.1
Arnie's Bar,Ok47523298,1789059154,318 East 2nd Street Tulsa,Oklahoma,1100,200,0.1
Chimera Cafe,Ok23292757,1360928530,212 North Main Street Tulsa,Oklahoma,1000,2400,0.1
The Boulder Grill,Ok21285684,9666305767,17 West 7th Street Tulsa,Oklahoma,1000,100,0.1
Lobby Court Bar,Oh71990139,0269799675,24 Public Square Cleveland,Ohio,1000,200,0.02
Rated M Lounge & Restaurant,Oh86674100,4319311764,75 Public Square Cleveland,Ohio,1000,2400,0.02
Vintage 51,Oh73066770,6452629522,100 Public Square Cleveland,Ohio,1200,200,0.02
The Ontario Cocktails,Oh75645337,4473053581,Cleveland,Ohio,1300,200,0.02
Jake's Lounge,Oh40748514,8063973760,127 Public Square (Driveway Entrance on 1360 West Mall Drive Cleveland,Ohio,1400,200,0.02
Paninis Bar and Grill,Oh25658102,9825868703,21 Prospect Avenue East Cleveland,Ohio,1400,100,0.02
Hyde Park Prime Steakhouse,Oh60202533,1125951657,123 West Prospect Avenue Cleveland,Ohio,1300,200,0.02
House of Blues Cleveland,Oh87494498,3989729010,308 Euclid Avenue Cleveland,Ohio,1100,2300,0.02
Foundation Room Cleveland,Oh85393846,0399617523,308 Euclid Avenue Cleveland,Ohio,1100,2400,0.02
Johnny's Downtown,Oh27286708,1591425294,1406 West 6th Street Cleveland,Ohio,1100,200,0.02
Johnny's Little Bar,Oh26209439,5074600955,614 Frankfort Avenue Cleveland,Ohio,1400,2400,0.02
The Greenhouse Tavern,Oh76029317,1617400009,2038 East 4th Street Cleveland,Ohio,1300,200,0.02
1890 Restaurant,Oh62645741,0817910467,420 West Superior Avenue Cleveland,Ohio,1000,300,0.02
Nauti Mermaid,Oh77293803,4962786403,1378 West 6th Street Cleveland,Ohio,1300,2400,0.02
Wonder Bar,Oh50412983,1111142943,2044 East 4th Street Cleveland,Ohio,1300,100,0.02
Flannery's Pub,Oh29476219,4781896366,323 Prospect Avenue East Cleveland,Ohio,1400,300,0.02
Pizza (216),Oh52831295,0172199366,401 Euclid Avenue Cleveland,Ohio,1400,200,0.02
Pickwick & Frolic Restaurant and Club,Oh53772234,1515969027,2035 East 4th Street Cleveland,Ohio,1000,200,0.02
Bar Louie,Oh59603778,7115340045,1352 West 6th Street #152 Cleveland,Ohio,1200,2300,0.02
Butcher and the Brewer,Oh65262377,9501125519,2043 East 4th Street Cleveland,Ohio,1100,2300,0.02
Steel Bar,Ka58373164,0918874154,221 Saint Francis Wichita,Kansas,1300,100,0.11
Dockum,Ka35146863,7573350483,104 S. Broadway Wichita,Kansas,1200,100,0.11
Vorshay’s Cocktail Lounge,Ka13860462,6487427409,417 East Douglas Avenue Wichita,Kansas,1200,200,0.11
Club Rain,Ka97588322,6724881858,518 East Douglas Avenue Wichita,Kansas,1400,200,0.11
Cafe Bel Ami,Ka44691512,0224669491,229 East William Street Wichita,Kansas,1000,100,0.11
Cana Wine & Cocktails,Ka80975701,7975833016,221 South Broadway Wichita,Kansas,1100,2400,0.11
Barleycorn's,Ka58641330,3974188868,608 East Douglas Avenue Wichita,Kansas,1200,300,0.11
Sabor Latin Bar & Grille,Ka73960022,5694776882,309 North Mead Street Wichita,Kansas,1000,2300,0.11
Third Place Brewing,Ka86268679,9199944543,630 East Douglas Avenue #150 Wichita,Kansas,1000,200,0.11
Broke D Karaoke,Ka55188902,9635574292,Wichita,Kansas,1000,2300,0.11
Js Lounge,Ka47687292,7385384851,513 East Central Avenue Wichita,Kansas,1300,100,0.11
Todd Brian's Brick Street Cafe & Tavern,Ka03981085,5133882121,315 North Mead Wichita,Kansas,1300,200,0.11
AVI | Seabar & Chophouse,Ka49208860,0365061463,135 North Waco Avenue Wichita,Kansas,1000,2400,0.11
Funky Monkeys Shaved Ice 21+,Ka83876042,6144572186,701 East Douglas Avenue unit d Wichita,Kansas,1400,2400,0.11
Old Chicago Pizza and Taproom,Ka84565587,6778561131,300 North Mead St #100 Wichita,Kansas,1400,300,0.11
Empire Restaurant Management,Ka54214185,7659178929,309 North Mead #100 Wichita,Kansas,1200,200,0.11
The Brickyard,Ka89722186,7728797662,129 North Rock Island Wichita,Kansas,1400,100,0.11
Pinot's Palette,Ka34280124,1521841602,338 North Mead Wichita,Kansas,1400,300,0.11
FEER Night Life,Ka92561089,6509058886,125210240700400B Wichita,Kansas,1100,2300,0.11
Air Capitol Grill,Ka81375432,6239147777,233 North Mosley Street Wichita,Kansas,1200,2400,0.11
Mellow Mushroom,Te99538451,1864885304,200 North Center Street Arlington,Texas,1000,2300,0.08
J.R. Bentley’s,Te75429762,0978830003,406 West Abram Street Arlington,Texas,1300,300,0.08
On Tap,Te37956648,2652660718,200 North Mesquite Street #105 Arlington,Texas,1300,2400,0.08
Twisted Root Burger Co.,Te15926387,2314232883,310 East Abram Street #100 Arlington,Texas,1400,2400,0.08
Hooligans Pub,Te58265281,3842550914,310 East Abram Street #150 Arlington,Texas,1100,100,0.08
Robby Dobb's Bar,Te67992742,1131455619,209 North West Street Arlington,Texas,1400,2400,0.08
Bar BSA,Te47007485,9063041903,400 East Abram Street Arlington,Texas,1400,2400,0.08
Kool Keg,Te36165888,6469779751,207 South East Street Arlington,Texas,1000,100,0.08
Urban Alchemy Coffee + Wine Bar,Te48043767,4506423580,403 East Main Street Arlington,Texas,1000,200,0.08
J Gilligan's Bar & Grill,Te13992341,6913245565,400 East Abram Street Arlington,Texas,1300,2300,0.08
4 Kahunas Tiki Lounge,Te74257667,0211898612,506 East Division Street Suite 160 South side of the building facing East Front Street Arlington,Texas,1300,200,0.08
4 Kahunas,Te46280588,5530432299,506 East Division Street Suit 160 Arlington,Texas,1200,2300,0.08
Milo's Bar,Te38992078,6713051864,501 East Division Street Arlington,Texas,1100,2300,0.08
Mavericks Bar & Grill,Te12460327,0764801463,601 East Main Street Arlington,Texas,1100,200,0.08
Caves Lounge,Te74545033,4097154625,900 West Division Street Arlington,Texas,1400,300,0.08
Sunshine Club,Te58609515,9707206565,902 West Division Street Arlington,Texas,1400,100,0.08
Frills & Grills Sports Bar,Te66746288,2049965713,1204 East Division Street Arlington,Texas,1400,200,0.08
Rauf ashraf,Te13727197,3049779597,70E West Randol Mill Road Arlington,Texas,1400,200,0.08
Fishbone Grill & Sports Bar,Te60103390,8173810863,816 North Collins Street Arlington,Texas,1100,2300,0.08